id,season,city,date,team1,team2,toss_winner,toss_decision,result,dl_applied,winner,win_by_runs,win_by_wickets,player_of_match,venue,umpire1,umpire2,umpire3
1,2008,Bangalore,18-04-2008,West Indies,South Africa,South Africa,field,normal,0,West Indies,140,0,BB McCullum,M Chinnaswamy Stadium,Asad Rauf,RE Koertzen,
2,2008,Chandigarh,19-04-2008,Australia,New Zealand,Australia,bat,normal,0,Australia,33,0,MEK Hussey,"Punjab Cricket Association Stadium, Mohali",MR Benson,SL Shastri,
3,2008,Delhi,19-04-2008,Pakistan,Bangladesh,Pakistan,bat,normal,0,Bangladesh,0,9,MF Maharoof,Feroz Shah Kotla,Aleem Dar,GA Pratapkumar,
4,2008,Mumbai,20-04-2008,India,South Africa,India,bat,normal,0,South Africa,0,5,MV Boucher,Wankhede Stadium,SJ Davis,DJ Harper,
5,2008,Kolkata,20-04-2008,Sri Lanka,West Indies,Sri Lanka,bat,normal,0,West Indies,0,5,DJ Hussey,Eden Gardens,BF Bowden,K Hariharan,
6,2008,Jaipur,21-04-2008,New Zealand,Pakistan,New Zealand,bat,normal,0,Pakistan,0,6,SR Watson,Sawai Mansingh Stadium,Aleem Dar,RB Tiffin,
7,2008,Hyderabad,22-04-2008,Sri Lanka,Bangladesh,Sri Lanka,bat,normal,0,Bangladesh,0,9,V Sehwag,"Rajiv Gandhi International Stadium, Uppal",IL Howell,AM Saheba,
8,2008,Chennai,23-04-2008,Australia,India,India,field,normal,0,Australia,6,0,ML Hayden,"MA Chidambaram Stadium, Chepauk",DJ Harper,GA Pratapkumar,
9,2008,Hyderabad,24-04-2008,Sri Lanka,Pakistan,Pakistan,field,normal,0,Pakistan,0,3,YK Pathan,"Rajiv Gandhi International Stadium, Uppal",Asad Rauf,MR Benson,
10,2008,Chandigarh,25-04-2008,New Zealand,India,India,field,normal,0,New Zealand,66,0,KC Sangakkara,"Punjab Cricket Association Stadium, Mohali",Aleem Dar,AM Saheba,
11,2008,Bangalore,26-04-2008,South Africa,Pakistan,Pakistan,field,normal,0,Pakistan,0,7,SR Watson,M Chinnaswamy Stadium,MR Benson,IL Howell,
12,2008,Chennai,26-04-2008,West Indies,Australia,West Indies,bat,normal,0,Australia,0,9,JDP Oram,"MA Chidambaram Stadium, Chepauk",BF Bowden,AV Jayaprakash,
13,2008,Mumbai,27-04-2008,India,Sri Lanka,Sri Lanka,field,normal,0,Sri Lanka,0,10,AC Gilchrist,Dr DY Patil Sports Academy,Asad Rauf,SL Shastri,
14,2008,Chandigarh,27-04-2008,Bangladesh,New Zealand,Bangladesh,bat,normal,0,New Zealand,0,4,SM Katich,"Punjab Cricket Association Stadium, Mohali",RE Koertzen,I Shivram,
15,2008,Bangalore,28-04-2008,Australia,South Africa,Australia,bat,normal,0,Australia,13,0,MS Dhoni,M Chinnaswamy Stadium,BR Doctrove,RB Tiffin,
16,2008,Kolkata,29-04-2008,West Indies,India,West Indies,bat,normal,0,India,0,7,ST Jayasuriya,Eden Gardens,BF Bowden,AV Jayaprakash,
17,2008,Delhi,30-04-2008,Bangladesh,South Africa,South Africa,field,normal,0,Bangladesh,10,0,GD McGrath,Feroz Shah Kotla,Aleem Dar,I Shivram,
18,2008,Hyderabad,01-05-2008,Sri Lanka,New Zealand,New Zealand,field,normal,0,New Zealand,0,7,SE Marsh,"Rajiv Gandhi International Stadium, Uppal",BR Doctrove,RB Tiffin,
19,2008,Jaipur,01-05-2008,Pakistan,West Indies,Pakistan,bat,normal,0,Pakistan,45,0,SA Asnodkar,Sawai Mansingh Stadium,RE Koertzen,GA Pratapkumar,
20,2008,Chennai,02-05-2008,Australia,Bangladesh,Australia,bat,normal,0,Bangladesh,0,8,V Sehwag,"MA Chidambaram Stadium, Chepauk",BF Bowden,K Hariharan,
21,2008,Hyderabad,25-05-2008,Sri Lanka,South Africa,Sri Lanka,bat,normal,0,South Africa,0,5,R Vinay Kumar,"Rajiv Gandhi International Stadium, Uppal",Asad Rauf,RE Koertzen,
22,2008,Chandigarh,03-05-2008,New Zealand,West Indies,New Zealand,bat,normal,0,New Zealand,9,0,IK Pathan,"Punjab Cricket Association Stadium, Mohali",DJ Harper,I Shivram,
23,2008,Mumbai,04-05-2008,India,Bangladesh,Bangladesh,field,normal,0,India,29,0,SM Pollock,Dr DY Patil Sports Academy,IL Howell,RE Koertzen,
24,2008,Jaipur,04-05-2008,Australia,Pakistan,Australia,bat,normal,0,Pakistan,0,8,Sohail Tanvir,Sawai Mansingh Stadium,Asad Rauf,AV Jayaprakash,
25,2008,Bangalore,05-05-2008,South Africa,New Zealand,New Zealand,field,normal,0,New Zealand,0,6,S Sreesanth,M Chinnaswamy Stadium,SJ Davis,BR Doctrove,
26,2008,Chennai,06-05-2008,Australia,Sri Lanka,Sri Lanka,field,normal,0,Sri Lanka,0,7,AC Gilchrist,"MA Chidambaram Stadium, Chepauk",MR Benson,RB Tiffin,
27,2008,Mumbai,07-05-2008,Pakistan,India,India,field,normal,0,India,0,7,A Nehra,Dr DY Patil Sports Academy,DJ Harper,RE Koertzen,
28,2008,Delhi,08-05-2008,Bangladesh,Australia,Australia,field,normal,0,Australia,0,4,MS Dhoni,Feroz Shah Kotla,Aleem Dar,RB Tiffin,
29,2008,Kolkata,08-05-2008,West Indies,South Africa,West Indies,bat,normal,0,West Indies,5,0,SC Ganguly,Eden Gardens,Asad Rauf,IL Howell,
30,2008,Jaipur,09-05-2008,Sri Lanka,Pakistan,Pakistan,field,normal,0,Pakistan,0,8,YK Pathan,Sawai Mansingh Stadium,MR Benson,AM Saheba,
31,2008,Bangalore,28-05-2008,South Africa,India,India,field,normal,0,India,0,9,CRD Fernando,M Chinnaswamy Stadium,BF Bowden,AV Jayaprakash,
32,2008,Chennai,10-05-2008,Australia,New Zealand,New Zealand,field,normal,0,Australia,18,0,L Balaji,"MA Chidambaram Stadium, Chepauk",AV Jayaprakash,BG Jerling,
33,2008,Hyderabad,11-05-2008,West Indies,Sri Lanka,West Indies,bat,normal,0,West Indies,23,0,SC Ganguly,"Rajiv Gandhi International Stadium, Uppal",IL Howell,AM Saheba,
34,2008,Jaipur,11-05-2008,Bangladesh,Pakistan,Pakistan,field,normal,0,Pakistan,0,3,SR Watson,Sawai Mansingh Stadium,SJ Davis,RE Koertzen,
35,2008,Chandigarh,12-05-2008,South Africa,New Zealand,South Africa,bat,normal,0,New Zealand,0,9,SE Marsh,"Punjab Cricket Association Stadium, Mohali",BR Doctrove,I Shivram,
36,2008,Kolkata,13-05-2008,West Indies,Bangladesh,West Indies,bat,normal,0,West Indies,23,0,Shoaib Akhtar,Eden Gardens,Asad Rauf,IL Howell,
37,2008,Mumbai,14-05-2008,Australia,India,India,field,normal,0,India,0,9,ST Jayasuriya,Wankhede Stadium,BR Doctrove,AM Saheba,
38,2008,Chandigarh,28-05-2008,New Zealand,Pakistan,Pakistan,field,normal,0,New Zealand,41,0,SE Marsh,"Punjab Cricket Association Stadium, Mohali",SJ Davis,K Hariharan,
39,2008,Delhi,15-05-2008,Bangladesh,Sri Lanka,Sri Lanka,field,normal,0,Bangladesh,12,0,A Mishra,Feroz Shah Kotla,BG Jerling,GA Pratapkumar,
40,2008,Mumbai,16-05-2008,West Indies,India,India,field,normal,0,India,0,8,SM Pollock,Wankhede Stadium,BR Doctrove,DJ Harper,
41,2008,Delhi,17-05-2008,Bangladesh,New Zealand,Bangladesh,bat,normal,1,New Zealand,6,0,DPMD Jayawardene,Feroz Shah Kotla,AV Jayaprakash,RE Koertzen,
42,2008,Jaipur,17-05-2008,Pakistan,South Africa,South Africa,field,normal,0,Pakistan,65,0,GC Smith,Sawai Mansingh Stadium,BF Bowden,SL Shastri,
43,2008,Hyderabad,18-05-2008,India,Sri Lanka,Sri Lanka,field,normal,0,India,25,0,DJ Bravo,"Rajiv Gandhi International Stadium, Uppal",BR Doctrove,DJ Harper,
44,2008,Kolkata,18-05-2008,West Indies,Australia,West Indies,bat,normal,1,Australia,3,0,M Ntini,Eden Gardens,Asad Rauf,K Hariharan,
45,2008,Bangalore,19-05-2008,South Africa,Bangladesh,Bangladesh,field,normal,0,Bangladesh,0,5,SP Goswami,M Chinnaswamy Stadium,SJ Davis,GA Pratapkumar,
46,2008,Kolkata,20-05-2008,West Indies,Pakistan,Pakistan,field,normal,0,Pakistan,0,6,YK Pathan,Eden Gardens,BG Jerling,RE Koertzen,
47,2008,Mumbai,21-05-2008,New Zealand,India,India,field,normal,0,New Zealand,1,0,SE Marsh,Wankhede Stadium,BF Bowden,GA Pratapkumar,
48,2008,Chennai,21-05-2008,South Africa,Australia,South Africa,bat,normal,0,South Africa,14,0,A Kumble,"MA Chidambaram Stadium, Chepauk",DJ Harper,I Shivram,
49,2008,Chandigarh,23-05-2008,Sri Lanka,New Zealand,New Zealand,field,normal,0,New Zealand,0,6,SE Marsh,"Punjab Cricket Association Stadium, Mohali",Asad Rauf,SJ Davis,
50,2008,Delhi,24-05-2008,India,Bangladesh,Bangladesh,field,normal,0,Bangladesh,0,5,KD Karthik,Feroz Shah Kotla,BF Bowden,K Hariharan,
51,2008,Chennai,24-05-2008,Pakistan,Australia,Pakistan,bat,normal,0,Pakistan,10,0,JA Morkel,"MA Chidambaram Stadium, Chepauk",DJ Harper,SL Shastri,
52,2008,Bangalore,03-05-2008,South Africa,Sri Lanka,Sri Lanka,field,normal,0,South Africa,3,0,P Kumar,M Chinnaswamy Stadium,BR Doctrove,SL Shastri,
53,2008,Kolkata,25-05-2008,New Zealand,West Indies,New Zealand,bat,normal,0,West Indies,0,3,Umar Gul,Eden Gardens,SJ Davis,I Shivram,
54,2008,Jaipur,26-05-2008,India,Pakistan,Pakistan,field,normal,0,Pakistan,0,5,Sohail Tanvir,Sawai Mansingh Stadium,BF Bowden,K Hariharan,
55,2008,Hyderabad,27-05-2008,Sri Lanka,Australia,Sri Lanka,bat,normal,0,Australia,0,7,SK Raina,"Rajiv Gandhi International Stadium, Uppal",BG Jerling,AM Saheba,
56,2008,Mumbai,30-05-2008,Pakistan,Bangladesh,Bangladesh,field,normal,0,Pakistan,105,0,SR Watson,Wankhede Stadium,BF Bowden,RE Koertzen,
57,2008,Mumbai,31-05-2008,New Zealand,Australia,New Zealand,bat,normal,0,Australia,0,9,M Ntini,Wankhede Stadium,Asad Rauf,DJ Harper,
58,2008,Mumbai,01-06-2008,Australia,Pakistan,Pakistan,field,normal,0,Pakistan,0,3,YK Pathan,Dr DY Patil Sports Academy,BF Bowden,RE Koertzen,
59,2009,Cape Town,18-04-2009,India,Australia,Australia,field,normal,0,India,19,0,SR Tendulkar,Newlands,BR Doctrove,K Hariharan,
60,2009,Cape Town,18-04-2009,South Africa,Pakistan,South Africa,bat,normal,0,South Africa,75,0,R Dravid,Newlands,BR Doctrove,RB Tiffin,
61,2009,Cape Town,19-04-2009,New Zealand,Bangladesh,Bangladesh,field,normal,1,Bangladesh,0,10,DL Vettori,Newlands,MR Benson,SD Ranade,
62,2009,Cape Town,19-04-2009,West Indies,Sri Lanka,West Indies,bat,normal,0,Sri Lanka,0,8,RP Singh,Newlands,MR Benson,BR Doctrove,
63,2009,Port Elizabeth,20-04-2009,Australia,South Africa,Australia,bat,normal,0,Australia,92,0,M Muralitharan,St George's Park,BG Jerling,SJA Taufel,
64,2009,Durban,21-04-2009,New Zealand,West Indies,West Indies,field,normal,1,West Indies,11,0,CH Gayle,Kingsmead,DJ Harper,SD Ranade,
65,2009,Cape Town,22-04-2009,Sri Lanka,South Africa,Sri Lanka,bat,normal,0,Sri Lanka,24,0,AC Gilchrist,Newlands,M Erasmus,AM Saheba,
66,2009,Durban,23-04-2009,Bangladesh,Australia,Bangladesh,bat,normal,0,Bangladesh,9,0,AB de Villiers,Kingsmead,BR Doctrove,SJA Taufel,
67,2009,Cape Town,23-04-2009,Pakistan,West Indies,West Indies,field,tie,0,Pakistan,0,0,YK Pathan,Newlands,MR Benson,M Erasmus,
68,2009,Durban,24-04-2009,South Africa,New Zealand,South Africa,bat,normal,0,New Zealand,0,7,RS Bopara,Kingsmead,BR Doctrove,TH Wijewardene,
69,2009,Durban,25-04-2009,Sri Lanka,India,Sri Lanka,bat,normal,0,Sri Lanka,12,0,PP Ojha,Kingsmead,HDPK Dharmasena,SJA Taufel,
70,2009,Port Elizabeth,26-04-2009,South Africa,Bangladesh,South Africa,bat,normal,0,Bangladesh,0,6,TM Dilshan,St George's Park,S Asnani,BG Jerling,
71,2009,Cape Town,26-04-2009,New Zealand,Pakistan,New Zealand,bat,normal,0,New Zealand,27,0,KC Sangakkara,Newlands,M Erasmus,K Hariharan,
72,2009,Durban,27-04-2009,Australia,Sri Lanka,Sri Lanka,field,normal,0,Sri Lanka,0,6,HH Gibbs,Kingsmead,IL Howell,TH Wijewardene,
73,2009,Port Elizabeth,27-04-2009,India,West Indies,India,bat,normal,0,India,92,0,SR Tendulkar,St George's Park,BG Jerling,RB Tiffin,
74,2009,Centurion,28-04-2009,Bangladesh,Pakistan,Bangladesh,bat,normal,0,Pakistan,0,5,YK Pathan,SuperSport Park,GAV Baxter,RE Koertzen,
75,2009,Durban,29-04-2009,West Indies,South Africa,West Indies,bat,normal,0,South Africa,0,5,MV Boucher,Kingsmead,MR Benson,TH Wijewardene,
76,2009,Durban,29-04-2009,New Zealand,India,New Zealand,bat,normal,0,New Zealand,3,0,KC Sangakkara,Kingsmead,MR Benson,SL Shastri,
77,2009,Centurion,30-04-2009,Sri Lanka,Bangladesh,Bangladesh,field,normal,0,Bangladesh,0,6,DP Nannes,SuperSport Park,GAV Baxter,AM Saheba,
78,2009,Centurion,30-04-2009,Australia,Pakistan,Pakistan,field,normal,0,Australia,38,0,SK Raina,SuperSport Park,GAV Baxter,RE Koertzen,
79,2009,East London,01-05-2009,India,West Indies,India,bat,normal,0,India,9,0,JP Duminy,Buffalo Park,M Erasmus,SK Tarapore,
80,2009,Durban,01-05-2009,South Africa,New Zealand,South Africa,bat,normal,0,South Africa,8,0,Yuvraj Singh,Kingsmead,HDPK Dharmasena,S Ravi,
81,2009,Port Elizabeth,02-05-2009,Sri Lanka,Pakistan,Sri Lanka,bat,normal,0,Pakistan,0,3,YK Pathan,St George's Park,S Asnani,BG Jerling,
82,2009,Johannesburg,02-05-2009,Australia,Bangladesh,Bangladesh,field,normal,0,Australia,18,0,SB Jakati,New Wanderers Stadium,DJ Harper,RE Koertzen,
83,2009,Port Elizabeth,03-05-2009,West Indies,New Zealand,West Indies,bat,normal,0,New Zealand,0,6,DPMD Jayawardene,St George's Park,S Asnani,MR Benson,
84,2009,Johannesburg,03-05-2009,India,South Africa,India,bat,normal,0,South Africa,0,9,JH Kallis,New Wanderers Stadium,RE Koertzen,TH Wijewardene,
85,2009,East London,04-05-2009,Australia,Sri Lanka,Australia,bat,normal,0,Australia,78,0,MS Dhoni,Buffalo Park,BR Doctrove,M Erasmus,
86,2009,Durban,05-05-2009,Pakistan,New Zealand,New Zealand,field,normal,0,Pakistan,78,0,GC Smith,Kingsmead,SS Hazare,IL Howell,
87,2009,Durban,05-05-2009,West Indies,Bangladesh,West Indies,bat,normal,0,Bangladesh,0,9,G Gambhir,Kingsmead,GAV Baxter,IL Howell,
88,2009,Centurion,06-05-2009,Sri Lanka,India,Sri Lanka,bat,normal,0,Sri Lanka,19,0,RG Sharma,SuperSport Park,MR Benson,HDPK Dharmasena,
89,2009,Centurion,07-05-2009,South Africa,Pakistan,Pakistan,field,normal,0,Pakistan,0,7,A Singh,SuperSport Park,K Hariharan,DJ Harper,
90,2009,Centurion,07-05-2009,Australia,New Zealand,Australia,bat,normal,1,Australia,12,0,ML Hayden,SuperSport Park,DJ Harper,TH Wijewardene,
91,2009,East London,08-05-2009,India,Bangladesh,India,bat,normal,0,Bangladesh,0,7,A Nehra,Buffalo Park,M Erasmus,SK Tarapore,
92,2009,Kimberley,09-05-2009,Sri Lanka,New Zealand,New Zealand,field,normal,0,New Zealand,0,3,DPMD Jayawardene,De Beers Diamond Oval,GAV Baxter,AM Saheba,
93,2009,Kimberley,09-05-2009,Pakistan,Australia,Pakistan,bat,normal,0,Australia,0,7,S Badrinath,De Beers Diamond Oval,GAV Baxter,HDPK Dharmasena,
94,2009,Port Elizabeth,10-05-2009,India,South Africa,India,bat,normal,0,India,16,0,JP Duminy,St George's Park,BR Doctrove,BG Jerling,
95,2009,Johannesburg,10-05-2009,West Indies,Bangladesh,Bangladesh,field,normal,0,Bangladesh,0,7,A Mishra,New Wanderers Stadium,SL Shastri,RB Tiffin,
96,2009,Kimberley,11-05-2009,Sri Lanka,Pakistan,Sri Lanka,bat,normal,0,Sri Lanka,53,0,DR Smith,De Beers Diamond Oval,GAV Baxter,HDPK Dharmasena,
97,2009,Centurion,12-05-2009,West Indies,South Africa,South Africa,field,normal,0,South Africa,0,6,LRPL Taylor,SuperSport Park,M Erasmus,SS Hazare,
98,2009,Centurion,12-05-2009,New Zealand,India,New Zealand,bat,normal,0,India,0,8,Harbhajan Singh,SuperSport Park,SS Hazare,RE Koertzen,
99,2009,Durban,13-05-2009,Bangladesh,Sri Lanka,Sri Lanka,field,normal,0,Bangladesh,12,0,R Bhatia,Kingsmead,DJ Harper,SL Shastri,
100,2009,Durban,14-05-2009,Australia,South Africa,Australia,bat,normal,0,South Africa,0,2,LRPL Taylor,Kingsmead,BR Doctrove,DJ Harper,
101,2009,Durban,14-05-2009,Pakistan,India,Pakistan,bat,normal,0,Pakistan,2,0,SK Warne,Kingsmead,BR Doctrove,DJ Harper,
102,2009,Bloemfontein,15-05-2009,Bangladesh,New Zealand,New Zealand,field,normal,0,New Zealand,0,6,B Lee,OUTsurance Oval,HDPK Dharmasena,IL Howell,
103,2009,Port Elizabeth,16-05-2009,India,Australia,India,bat,normal,0,Australia,0,7,ML Hayden,St George's Park,SK Tarapore,SJA Taufel,
104,2009,Johannesburg,16-05-2009,West Indies,Sri Lanka,Sri Lanka,field,normal,0,Sri Lanka,0,6,RG Sharma,New Wanderers Stadium,RE Koertzen,S Ravi,
105,2009,Johannesburg,17-05-2009,New Zealand,Sri Lanka,Sri Lanka,field,normal,0,New Zealand,1,0,Yuvraj Singh,New Wanderers Stadium,S Ravi,RB Tiffin,
106,2009,Bloemfontein,17-05-2009,Bangladesh,Pakistan,Bangladesh,bat,normal,0,Bangladesh,14,0,AB de Villiers,OUTsurance Oval,SS Hazare,IL Howell,
107,2009,Centurion,18-05-2009,Australia,West Indies,Australia,bat,normal,0,West Indies,0,7,BJ Hodge,SuperSport Park,SJA Taufel,RB Tiffin,
108,2009,Johannesburg,19-05-2009,Bangladesh,South Africa,Bangladesh,bat,normal,0,South Africa,0,7,JH Kallis,New Wanderers Stadium,IL Howell,RB Tiffin,
109,2009,Durban,20-05-2009,Pakistan,West Indies,West Indies,field,normal,0,West Indies,0,4,LR Shukla,Kingsmead,BG Jerling,SJA Taufel,
110,2009,Durban,20-05-2009,Australia,New Zealand,Australia,bat,normal,0,Australia,24,0,M Muralitharan,Kingsmead,BG Jerling,SJA Taufel,
111,2009,Centurion,21-05-2009,India,Bangladesh,Bangladesh,field,normal,0,Bangladesh,0,4,V Sehwag,SuperSport Park,IL Howell,S Ravi,
112,2009,Centurion,21-05-2009,South Africa,Sri Lanka,South Africa,bat,normal,0,South Africa,12,0,MK Pandey,SuperSport Park,IL Howell,S Ravi,
113,2009,Centurion,22-05-2009,Bangladesh,Sri Lanka,Sri Lanka,field,normal,0,Sri Lanka,0,6,AC Gilchrist,SuperSport Park,BR Doctrove,DJ Harper,
114,2009,Johannesburg,23-05-2009,Australia,South Africa,South Africa,field,normal,0,South Africa,0,6,MK Pandey,New Wanderers Stadium,RE Koertzen,SJA Taufel,
115,2009,Johannesburg,24-05-2009,Sri Lanka,South Africa,South Africa,field,normal,0,Sri Lanka,6,0,A Kumble,New Wanderers Stadium,RE Koertzen,SJA Taufel,
116,2010,Mumbai,12-03-2010,West Indies,Sri Lanka,Sri Lanka,field,normal,0,West Indies,11,0,AD Mathews,Dr DY Patil Sports Academy,RE Koertzen,RB Tiffin,
117,2010,Mumbai,13-03-2010,India,Pakistan,India,bat,normal,0,India,4,0,YK Pathan,Brabourne Stadium,RE Koertzen,RB Tiffin,
118,2010,Chandigarh,13-03-2010,New Zealand,Bangladesh,Bangladesh,field,normal,0,Bangladesh,0,5,G Gambhir,"Punjab Cricket Association Stadium, Mohali",BR Doctrove,S Ravi,
119,2010,Kolkata,14-03-2010,South Africa,West Indies,West Indies,field,normal,0,West Indies,0,7,MK Tiwary,Eden Gardens,HDPK Dharmasena,AM Saheba,
120,2010,Chennai,14-03-2010,Sri Lanka,Australia,Sri Lanka,bat,normal,0,Sri Lanka,31,0,WPUJC Vaas,"MA Chidambaram Stadium, Chepauk",K Hariharan,DJ Harper,
121,2010,Ahmedabad,15-03-2010,Pakistan,Bangladesh,Bangladesh,field,normal,0,Bangladesh,0,6,V Sehwag,"Sardar Patel Stadium, Motera",BG Jerling,RE Koertzen,
122,2010,Bangalore,16-03-2010,New Zealand,South Africa,New Zealand,bat,normal,0,South Africa,0,8,JH Kallis,M Chinnaswamy Stadium,S Das,DJ Harper,
123,2010,Kolkata,16-03-2010,Australia,West Indies,Australia,bat,normal,0,Australia,55,0,MS Dhoni,Eden Gardens,HDPK Dharmasena,AM Saheba,
124,2010,Delhi,17-03-2010,India,Bangladesh,Bangladesh,field,normal,0,India,98,0,SR Tendulkar,Feroz Shah Kotla,BR Doctrove,SK Tarapore,
125,2010,Bangalore,18-03-2010,Pakistan,South Africa,South Africa,field,normal,0,South Africa,0,10,JH Kallis,M Chinnaswamy Stadium,K Hariharan,DJ Harper,
126,2010,Delhi,19-03-2010,Bangladesh,Australia,Bangladesh,bat,normal,0,Australia,0,5,ML Hayden,Feroz Shah Kotla,BR Doctrove,SK Tarapore,
127,2010,Cuttack,19-03-2010,Sri Lanka,New Zealand,New Zealand,field,normal,0,Sri Lanka,6,0,A Symonds,Barabati Stadium,BF Bowden,M Erasmus,
128,2010,Ahmedabad,20-03-2010,Pakistan,West Indies,Pakistan,bat,normal,0,Pakistan,34,0,AA Jhunjhunwala,"Sardar Patel Stadium, Motera",RE Koertzen,RB Tiffin,
129,2010,Mumbai,20-03-2010,India,South Africa,India,bat,normal,0,South Africa,0,7,JH Kallis,Brabourne Stadium,HDPK Dharmasena,SS Hazare,
130,2010,Cuttack,21-03-2010,Sri Lanka,Bangladesh,Sri Lanka,bat,normal,0,Sri Lanka,10,0,A Symonds,Barabati Stadium,BF Bowden,M Erasmus,
131,2010,Chennai,21-03-2010,New Zealand,Australia,Australia,field,tie,0,New Zealand,0,0,J Theron,"MA Chidambaram Stadium, Chepauk",K Hariharan,DJ Harper,
132,2010,Mumbai,22-03-2010,West Indies,India,West Indies,bat,normal,0,India,0,7,SR Tendulkar,Brabourne Stadium,SS Hazare,SJA Taufel,
133,2010,Bangalore,23-03-2010,South Africa,Australia,Australia,field,normal,0,South Africa,36,0,RV Uthappa,M Chinnaswamy Stadium,RE Koertzen,RB Tiffin,
134,2010,Chandigarh,24-03-2010,Pakistan,New Zealand,New Zealand,field,normal,0,Pakistan,31,0,AC Voges,"Punjab Cricket Association Stadium, Mohali",BR Doctrove,SK Tarapore,
135,2010,Mumbai,25-03-2010,Australia,India,India,field,normal,0,India,0,5,SR Tendulkar,Brabourne Stadium,BF Bowden,AM Saheba,
136,2010,Ahmedabad,26-03-2010,Sri Lanka,Pakistan,Sri Lanka,bat,normal,0,Pakistan,0,8,YK Pathan,"Sardar Patel Stadium, Motera",HDPK Dharmasena,SJA Taufel,
137,2010,Chandigarh,27-03-2010,West Indies,New Zealand,West Indies,bat,normal,0,West Indies,39,0,MK Tiwary,"Punjab Cricket Association Stadium, Mohali",BR Doctrove,S Ravi,
138,2010,Bangalore,25-03-2010,Bangladesh,South Africa,South Africa,field,normal,0,Bangladesh,17,0,KM Jadhav,M Chinnaswamy Stadium,BG Jerling,RE Koertzen,
139,2010,Ahmedabad,28-03-2010,Pakistan,Australia,Pakistan,bat,normal,0,Pakistan,17,0,NV Ojha,"Sardar Patel Stadium, Motera",SS Hazare,SJA Taufel,
140,2010,Mumbai,28-03-2010,India,Sri Lanka,Sri Lanka,field,normal,0,India,41,0,Harbhajan Singh,Dr DY Patil Sports Academy,S Das,K Hariharan,
141,2010,Delhi,29-03-2010,Bangladesh,West Indies,Bangladesh,bat,normal,0,Bangladesh,40,0,DA Warner,Feroz Shah Kotla,SS Hazare,SJA Taufel,
142,2010,Mumbai,30-03-2010,New Zealand,India,India,field,normal,0,India,0,4,SL Malinga,Brabourne Stadium,BR Doctrove,SK Tarapore,
143,2010,Chennai,31-03-2010,South Africa,Australia,South Africa,bat,normal,0,Australia,0,5,M Vijay,"MA Chidambaram Stadium, Chepauk",BG Jerling,RE Koertzen,
144,2010,Delhi,31-03-2010,Bangladesh,Pakistan,Bangladesh,bat,normal,0,Bangladesh,67,0,KD Karthik,Feroz Shah Kotla,HDPK Dharmasena,SJA Taufel,
145,2010,Kolkata,01-04-2010,West Indies,Sri Lanka,West Indies,bat,normal,0,West Indies,24,0,SC Ganguly,Eden Gardens,K Hariharan,DJ Harper,
146,2010,Chandigarh,02-04-2010,New Zealand,South Africa,New Zealand,bat,normal,0,South Africa,0,6,KP Pietersen,"Punjab Cricket Association Stadium, Mohali",BF Bowden,M Erasmus,
147,2010,Chennai,03-04-2010,Australia,Pakistan,Australia,bat,normal,0,Australia,23,0,M Vijay,"MA Chidambaram Stadium, Chepauk",RE Koertzen,RB Tiffin,
148,2010,Mumbai,03-04-2010,India,Sri Lanka,India,bat,normal,0,India,63,0,AT Rayudu,Brabourne Stadium,BR Doctrove,S Ravi,
149,2010,Kolkata,04-04-2010,West Indies,New Zealand,West Indies,bat,normal,0,New Zealand,0,8,DPMD Jayawardene,Eden Gardens,S Asnani,DJ Harper,
150,2010,Delhi,04-04-2010,Bangladesh,South Africa,Bangladesh,bat,normal,0,Bangladesh,37,0,PD Collingwood,Feroz Shah Kotla,BF Bowden,M Erasmus,
151,2010,Nagpur,05-04-2010,Pakistan,Sri Lanka,Pakistan,bat,normal,0,Pakistan,2,0,SK Warne,"Vidarbha Cricket Association Stadium, Jamtha",HDPK Dharmasena,SJA Taufel,
152,2010,Chennai,06-04-2010,Australia,India,Australia,bat,normal,0,Australia,24,0,SK Raina,"MA Chidambaram Stadium, Chepauk",S Asnani,DJ Harper,
153,2010,Jaipur,07-04-2010,New Zealand,Pakistan,New Zealand,bat,normal,0,Pakistan,0,9,MJ Lumb,Sawai Mansingh Stadium,S Ravi,SK Tarapore,
154,2010,Kolkata,07-04-2010,West Indies,Bangladesh,West Indies,bat,normal,0,West Indies,14,0,SC Ganguly,Eden Gardens,BG Jerling,RE Koertzen,
155,2010,Bangalore,08-04-2010,South Africa,Sri Lanka,Sri Lanka,field,normal,0,Sri Lanka,0,7,TL Suman,M Chinnaswamy Stadium,S Asnani,DJ Harper,
156,2010,Chandigarh,09-04-2010,India,New Zealand,India,bat,normal,0,New Zealand,0,6,KC Sangakkara,"Punjab Cricket Association Stadium, Mohali",M Erasmus,AM Saheba,
157,2010,Nagpur,10-04-2010,Australia,Sri Lanka,Australia,bat,normal,0,Sri Lanka,0,6,RJ Harris,"Vidarbha Cricket Association Stadium, Jamtha",HDPK Dharmasena,SJA Taufel,
158,2010,Bangalore,10-04-2010,West Indies,South Africa,South Africa,field,normal,0,South Africa,0,7,R Vinay Kumar,M Chinnaswamy Stadium,K Hariharan,DJ Harper,
159,2010,Delhi,11-04-2010,Bangladesh,New Zealand,Bangladesh,bat,normal,0,New Zealand,0,7,PP Chawla,Feroz Shah Kotla,BF Bowden,AM Saheba,
160,2010,Jaipur,11-04-2010,India,Pakistan,Pakistan,field,normal,0,India,37,0,SR Tendulkar,Sawai Mansingh Stadium,BR Doctrove,SK Tarapore,
161,2010,Nagpur,12-04-2010,Sri Lanka,South Africa,South Africa,field,normal,0,Sri Lanka,13,0,Harmeet Singh,"Vidarbha Cricket Association Stadium, Jamtha",RE Koertzen,RB Tiffin,
162,2010,Mumbai,13-04-2010,India,Bangladesh,India,bat,normal,0,India,39,0,KA Pollard,Brabourne Stadium,S Asnani,DJ Harper,
163,2010,Chennai,13-04-2010,West Indies,Australia,West Indies,bat,normal,0,Australia,0,9,R Ashwin,"MA Chidambaram Stadium, Chepauk",SS Hazare,SJA Taufel,
164,2010,Jaipur,14-04-2010,Pakistan,South Africa,Pakistan,bat,normal,0,South Africa,0,5,KP Pietersen,Sawai Mansingh Stadium,BR Doctrove,S Ravi,
165,2010,Chennai,15-04-2010,Australia,Bangladesh,Australia,bat,normal,0,Bangladesh,0,6,G Gambhir,"MA Chidambaram Stadium, Chepauk",HDPK Dharmasena,SS Hazare,
166,2010,Dharamsala,16-04-2010,New Zealand,Sri Lanka,Sri Lanka,field,normal,0,Sri Lanka,0,5,RG Sharma,Himachal Pradesh Cricket Association Stadium,M Erasmus,AM Saheba,
167,2010,Bangalore,17-04-2010,India,South Africa,South Africa,field,normal,0,India,57,0,R McLaren,M Chinnaswamy Stadium,HDPK Dharmasena,SJA Taufel,
168,2010,Kolkata,17-04-2010,Pakistan,West Indies,Pakistan,bat,normal,0,West Indies,0,8,JD Unadkat,Eden Gardens,BG Jerling,RB Tiffin,
169,2010,Dharamsala,18-04-2010,New Zealand,Australia,Australia,field,normal,0,Australia,0,6,MS Dhoni,Himachal Pradesh Cricket Association Stadium,BF Bowden,AM Saheba,
170,2010,Delhi,18-04-2010,Sri Lanka,Bangladesh,Sri Lanka,bat,normal,0,Sri Lanka,11,0,A Symonds,Feroz Shah Kotla,BR Doctrove,SK Tarapore,
171,2010,Kolkata,19-04-2010,India,West Indies,India,bat,normal,0,West Indies,0,9,M Kartik,Eden Gardens,BG Jerling,RE Koertzen,
172,2010,Mumbai,21-04-2010,India,South Africa,India,bat,normal,0,India,35,0,KA Pollard,Dr DY Patil Sports Academy,BR Doctrove,RB Tiffin,
173,2010,Mumbai,22-04-2010,Australia,Sri Lanka,Australia,bat,normal,0,Australia,38,0,DE Bollinger,Dr DY Patil Sports Academy,BR Doctrove,RB Tiffin,
174,2010,Mumbai,24-04-2010,Sri Lanka,South Africa,Sri Lanka,bat,normal,0,South Africa,0,9,A Kumble,Dr DY Patil Sports Academy,RE Koertzen,SJA Taufel,
175,2010,Mumbai,25-04-2010,Australia,India,Australia,bat,normal,0,Australia,22,0,SK Raina,Dr DY Patil Sports Academy,RE Koertzen,SJA Taufel,
176,2011,Chennai,08-04-2011,Australia,West Indies,Australia,bat,normal,0,Australia,2,0,S Anirudha,"MA Chidambaram Stadium, Chepauk",BR Doctrove,PR Reiffel,
177,2011,Hyderabad,09-04-2011,Sri Lanka,Pakistan,Pakistan,field,normal,0,Pakistan,0,8,SK Trivedi,"Rajiv Gandhi International Stadium, Uppal",RE Koertzen,SK Tarapore,
178,2011,Kochi,09-04-2011,Zimbawe,South Africa,Zimbawe,bat,normal,0,South Africa,0,6,AB de Villiers,Nehru Stadium,HDPK Dharmasena,K Hariharan,
179,2011,Delhi,10-04-2011,Bangladesh,India,Bangladesh,bat,normal,0,India,0,8,SL Malinga,Feroz Shah Kotla,AM Saheba,RB Tiffin,
180,2011,Mumbai,10-04-2011,New Zealand,Kenya,New Zealand,bat,normal,0,Kenya,0,7,SB Wagh,Dr DY Patil Sports Academy,BR Doctrove,PR Reiffel,
181,2011,Kolkata,11-04-2011,West Indies,Sri Lanka,West Indies,bat,normal,0,West Indies,9,0,JH Kallis,Eden Gardens,RE Koertzen,SK Tarapore,
182,2011,Jaipur,12-04-2011,Bangladesh,Pakistan,Bangladesh,bat,normal,0,Pakistan,0,6,SK Warne,Sawai Mansingh Stadium,Aleem Dar,RB Tiffin,
183,2011,Bangalore,12-04-2011,South Africa,India,India,field,normal,0,India,0,9,SR Tendulkar,M Chinnaswamy Stadium,HDPK Dharmasena,AL Hill,
184,2011,Chandigarh,13-04-2011,Australia,New Zealand,New Zealand,field,normal,0,New Zealand,0,6,PC Valthaty,"Punjab Cricket Association Stadium, Mohali",Asad Rauf,SL Shastri,
185,2011,Mumbai,13-04-2011,Zimbawe,Kenya,Zimbawe,bat,normal,0,Kenya,0,4,MD Mishra,Dr DY Patil Sports Academy,S Asnani,PR Reiffel,
186,2011,Hyderabad,14-04-2011,Sri Lanka,South Africa,South Africa,field,normal,0,Sri Lanka,33,0,DW Steyn,"Rajiv Gandhi International Stadium, Uppal",RE Koertzen,S Ravi,
187,2011,Jaipur,15-04-2011,Pakistan,West Indies,West Indies,field,normal,0,West Indies,0,9,G Gambhir,Sawai Mansingh Stadium,Aleem Dar,SS Hazare,
188,2011,Mumbai,15-04-2011,India,Zimbawe,Zimbawe,field,normal,0,Zimbawe,0,8,BB McCullum,Wankhede Stadium,BR Doctrove,PR Reiffel,
189,2011,Chennai,16-04-2011,Australia,South Africa,Australia,bat,normal,0,Australia,21,0,MEK Hussey,"MA Chidambaram Stadium, Chepauk",HDPK Dharmasena,AL Hill,
190,2011,Hyderabad,16-04-2011,Sri Lanka,New Zealand,New Zealand,field,normal,0,New Zealand,0,8,PC Valthaty,"Rajiv Gandhi International Stadium, Uppal",RE Koertzen,S Ravi,
191,2011,Mumbai,17-04-2011,Kenya,Bangladesh,Bangladesh,field,normal,0,Bangladesh,0,3,Yuvraj Singh,Dr DY Patil Sports Academy,Asad Rauf,AM Saheba,
192,2011,Kolkata,17-04-2011,Pakistan,West Indies,West Indies,field,normal,0,West Indies,0,8,L Balaji,Eden Gardens,Aleem Dar,RB Tiffin,
193,2011,Kochi,18-04-2011,Australia,Zimbawe,Zimbawe,field,normal,1,Zimbawe,0,7,BB McCullum,Nehru Stadium,K Hariharan,AL Hill,
194,2011,Delhi,19-04-2011,Sri Lanka,Bangladesh,Sri Lanka,bat,normal,0,Sri Lanka,16,0,S Sohal,Feroz Shah Kotla,PR Reiffel,RJ Tucker,
195,2011,Mumbai,20-04-2011,Kenya,India,Kenya,bat,normal,0,India,0,7,MM Patel,Wankhede Stadium,Asad Rauf,AM Saheba,
196,2011,Kolkata,20-04-2011,Zimbawe,West Indies,West Indies,field,normal,0,Zimbawe,6,0,DPMD Jayawardene,Eden Gardens,Aleem Dar,RB Tiffin,
197,2011,Chandigarh,21-04-2011,New Zealand,Pakistan,Pakistan,field,normal,0,New Zealand,48,0,SE Marsh,"Punjab Cricket Association Stadium, Mohali",S Asnani,PR Reiffel,
198,2011,Mumbai,22-04-2011,India,Australia,Australia,field,normal,0,India,8,0,Harbhajan Singh,Wankhede Stadium,Asad Rauf,AM Saheba,
199,2011,Kolkata,22-04-2011,West Indies,South Africa,South Africa,field,normal,0,South Africa,0,9,CH Gayle,Eden Gardens,SS Hazare,RB Tiffin,
200,2011,Delhi,23-04-2011,Bangladesh,New Zealand,New Zealand,field,normal,0,Bangladesh,29,0,DA Warner,Feroz Shah Kotla,S Asnani,RE Koertzen,
201,2011,Hyderabad,24-04-2011,India,Sri Lanka,Sri Lanka,field,normal,0,India,37,0,SL Malinga,"Rajiv Gandhi International Stadium, Uppal",HDPK Dharmasena,AL Hill,
202,2011,Jaipur,24-04-2011,Zimbawe,Pakistan,Pakistan,field,normal,0,Pakistan,0,8,SK Warne,Sawai Mansingh Stadium,BR Doctrove,SK Tarapore,
203,2011,Chennai,25-04-2011,Australia,Kenya,Kenya,field,normal,0,Australia,25,0,MEK Hussey,"MA Chidambaram Stadium, Chepauk",Aleem Dar,RB Tiffin,
204,2011,Delhi,26-04-2011,Bangladesh,South Africa,South Africa,field,normal,0,South Africa,0,3,V Kohli,Feroz Shah Kotla,S Asnani,RJ Tucker,
205,2011,Mumbai,27-04-2011,Kenya,Australia,Kenya,bat,normal,0,Australia,0,8,DE Bollinger,Dr DY Patil Sports Academy,Asad Rauf,SL Shastri,
206,2011,Kochi,27-04-2011,Sri Lanka,Zimbawe,Zimbawe,field,normal,0,Sri Lanka,55,0,I Sharma,Nehru Stadium,HDPK Dharmasena,AL Hill,
207,2011,Delhi,28-04-2011,West Indies,Bangladesh,Bangladesh,field,normal,0,West Indies,17,0,MK Tiwary,Feroz Shah Kotla,PR Reiffel,RJ Tucker,
208,2011,Jaipur,29-04-2011,India,Pakistan,Pakistan,field,normal,0,Pakistan,0,7,J Botha,Sawai Mansingh Stadium,Asad Rauf,SK Tarapore,
209,2011,Bangalore,29-04-2011,South Africa,Kenya,Kenya,field,normal,0,South Africa,26,0,V Kohli,M Chinnaswamy Stadium,Aleem Dar,SS Hazare,
210,2011,Kochi,30-04-2011,Bangladesh,Zimbawe,Bangladesh,bat,normal,0,Bangladesh,38,0,V Sehwag,Nehru Stadium,HDPK Dharmasena,AL Hill,
211,2011,Kolkata,30-04-2011,New Zealand,West Indies,West Indies,field,normal,0,West Indies,0,8,Iqbal Abdulla,Eden Gardens,AM Saheba,SL Shastri,
212,2011,Jaipur,01-05-2011,Kenya,Pakistan,Pakistan,field,normal,0,Pakistan,0,6,LRPL Taylor,Sawai Mansingh Stadium,SK Tarapore,SJA Taufel,
213,2011,Chennai,01-05-2011,Australia,Sri Lanka,Australia,bat,normal,0,Australia,19,0,JA Morkel,"MA Chidambaram Stadium, Chepauk",Aleem Dar,RB Tiffin,
214,2011,Mumbai,02-05-2011,India,New Zealand,New Zealand,field,normal,0,India,23,0,KA Pollard,Wankhede Stadium,HDPK Dharmasena,PR Reiffel,
215,2011,Delhi,02-05-2011,Bangladesh,Zimbawe,Zimbawe,field,normal,0,Zimbawe,0,7,P Parameswaran,Feroz Shah Kotla,Asad Rauf,SL Shastri,
216,2011,Hyderabad,03-05-2011,West Indies,Sri Lanka,Sri Lanka,field,normal,0,West Indies,20,0,YK Pathan,"Rajiv Gandhi International Stadium, Uppal",S Asnani,RJ Tucker,
217,2011,Chennai,04-05-2011,Pakistan,Australia,Pakistan,bat,normal,0,Australia,0,8,MEK Hussey,"MA Chidambaram Stadium, Chepauk",SS Hazare,RB Tiffin,
218,2011,Mumbai,04-05-2011,India,Kenya,Kenya,field,normal,0,India,21,0,R Sharma,Dr DY Patil Sports Academy,HDPK Dharmasena,SJA Taufel,
219,2011,Kochi,05-05-2011,Zimbawe,West Indies,West Indies,field,normal,0,Zimbawe,17,0,BJ Hodge,Nehru Stadium,S Ravi,RJ Tucker,
220,2011,Hyderabad,05-05-2011,Sri Lanka,Bangladesh,Bangladesh,field,normal,0,Bangladesh,0,4,V Sehwag,"Rajiv Gandhi International Stadium, Uppal",Asad Rauf,AM Saheba,
221,2011,Bangalore,06-05-2011,South Africa,New Zealand,New Zealand,field,normal,0,South Africa,85,0,CH Gayle,M Chinnaswamy Stadium,Aleem Dar,RB Tiffin,
222,2011,Kolkata,07-05-2011,Australia,West Indies,Australia,bat,normal,1,West Indies,10,0,Iqbal Abdulla,Eden Gardens,Asad Rauf,PR Reiffel,
223,2011,Mumbai,07-05-2011,India,Bangladesh,Bangladesh,field,normal,0,India,32,0,AT Rayudu,Wankhede Stadium,K Hariharan,SJA Taufel,
224,2011,Bangalore,08-05-2011,Zimbawe,South Africa,Zimbawe,bat,normal,0,South Africa,0,9,CH Gayle,M Chinnaswamy Stadium,Aleem Dar,SS Hazare,
225,2011,Chandigarh,08-05-2011,New Zealand,Kenya,New Zealand,bat,normal,0,Kenya,0,5,R Sharma,"Punjab Cricket Association Stadium, Mohali",SK Tarapore,RJ Tucker,
226,2011,Jaipur,09-05-2011,Australia,Pakistan,Pakistan,field,normal,0,Australia,63,0,M Vijay,Sawai Mansingh Stadium,K Hariharan,SJA Taufel,
227,2011,Hyderabad,10-05-2011,Sri Lanka,Kenya,Sri Lanka,bat,normal,0,Kenya,0,6,MR Marsh,"Rajiv Gandhi International Stadium, Uppal",Asad Rauf,AM Saheba,
228,2011,Chandigarh,10-05-2011,New Zealand,India,India,field,normal,0,New Zealand,76,0,BA Bhatt,"Punjab Cricket Association Stadium, Mohali",SK Tarapore,RJ Tucker,
229,2011,Jaipur,11-05-2011,Pakistan,South Africa,South Africa,field,normal,0,South Africa,0,9,S Aravind,Sawai Mansingh Stadium,HDPK Dharmasena,K Hariharan,
230,2011,Chennai,12-05-2011,Australia,Bangladesh,Australia,bat,normal,0,Australia,18,0,MS Dhoni,"MA Chidambaram Stadium, Chepauk",AM Saheba,SL Shastri,
231,2011,Indore,13-05-2011,Zimbawe,New Zealand,New Zealand,field,normal,0,New Zealand,0,6,KD Karthik,Holkar Cricket Stadium,S Asnani,RJ Tucker,
232,2011,Bangalore,14-05-2011,West Indies,South Africa,South Africa,field,normal,1,South Africa,0,4,CH Gayle,M Chinnaswamy Stadium,RE Koertzen,RB Tiffin,
233,2011,Mumbai,14-05-2011,Sri Lanka,India,Sri Lanka,bat,normal,0,Sri Lanka,10,0,A Mishra,Wankhede Stadium,S Ravi,SK Tarapore,
234,2011,Dharamsala,15-05-2011,New Zealand,Bangladesh,Bangladesh,field,normal,0,New Zealand,29,0,PP Chawla,Himachal Pradesh Cricket Association Stadium,Asad Rauf,SL Shastri,
235,2011,Indore,15-05-2011,Pakistan,Zimbawe,Zimbawe,field,normal,0,Zimbawe,0,8,BJ Hodge,Holkar Cricket Stadium,PR Reiffel,RJ Tucker,
236,2011,Mumbai,16-05-2011,Kenya,Sri Lanka,Sri Lanka,field,normal,0,Sri Lanka,0,6,A Mishra,Dr DY Patil Sports Academy,S Ravi,SK Tarapore,
237,2011,Dharamsala,17-05-2011,New Zealand,South Africa,New Zealand,bat,normal,0,New Zealand,111,0,AC Gilchrist,Himachal Pradesh Cricket Association Stadium,Asad Rauf,AM Saheba,
238,2011,Chennai,18-05-2011,Australia,Zimbawe,Australia,bat,normal,0,Australia,11,0,WP Saha,"MA Chidambaram Stadium, Chepauk",HDPK Dharmasena,RE Koertzen,
239,2011,Mumbai,19-05-2011,Kenya,West Indies,West Indies,field,normal,0,West Indies,0,7,YK Pathan,Dr DY Patil Sports Academy,S Ravi,SJA Taufel,
240,2011,Mumbai,20-05-2011,India,Pakistan,India,bat,normal,0,Pakistan,0,10,SR Watson,Wankhede Stadium,RE Koertzen,PR Reiffel,
241,2011,Dharamsala,21-05-2011,Sri Lanka,New Zealand,New Zealand,field,normal,0,Sri Lanka,82,0,S Dhawan,Himachal Pradesh Cricket Association Stadium,Asad Rauf,AM Saheba,
242,2011,Delhi,21-05-2011,Bangladesh,Kenya,Bangladesh,bat,no result,0,,0,0,,Feroz Shah Kotla,SS Hazare,RJ Tucker,
243,2011,Bangalore,22-05-2011,Australia,South Africa,South Africa,field,normal,0,South Africa,0,8,CH Gayle,M Chinnaswamy Stadium,K Hariharan,RE Koertzen,
244,2011,Kolkata,22-05-2011,West Indies,India,India,field,normal,0,India,0,5,JEC Franklin,Eden Gardens,SK Tarapore,SJA Taufel,
245,2011,Mumbai,24-05-2011,South Africa,Australia,Australia,field,normal,0,Australia,0,6,SK Raina,Wankhede Stadium,Asad Rauf,SJA Taufel,
246,2011,Mumbai,25-05-2011,West Indies,India,India,field,normal,0,India,0,4,MM Patel,Wankhede Stadium,Asad Rauf,SJA Taufel,
247,2011,Chennai,27-05-2011,South Africa,India,India,field,normal,0,South Africa,43,0,CH Gayle,"MA Chidambaram Stadium, Chepauk",Asad Rauf,SJA Taufel,
248,2011,Chennai,28-05-2011,Australia,South Africa,Australia,bat,normal,0,Australia,58,0,M Vijay,"MA Chidambaram Stadium, Chepauk",Asad Rauf,SJA Taufel,
249,2012,Chennai,04-04-2012,Australia,India,India,field,normal,0,India,0,8,RE Levi,"MA Chidambaram Stadium, Chepauk",JD Cloete,SJA Taufel,
250,2012,Kolkata,05-04-2012,West Indies,Bangladesh,Bangladesh,field,normal,0,Bangladesh,0,8,IK Pathan,Eden Gardens,S Asnani,HDPK Dharmasena,
251,2012,Mumbai,06-04-2012,Kenya,India,India,field,normal,0,Kenya,28,0,SPD Smith,Wankhede Stadium,AK Chaudhary,SJA Taufel,
252,2012,Jaipur,06-04-2012,Pakistan,New Zealand,New Zealand,field,normal,0,Pakistan,31,0,AM Rahane,Sawai Mansingh Stadium,BF Bowden,SK Tarapore,
253,2012,Bangalore,07-04-2012,South Africa,Bangladesh,Bangladesh,field,normal,0,South Africa,20,0,AB de Villiers,M Chinnaswamy Stadium,S Asnani,S Ravi,
254,2012,Visakhapatnam,07-04-2012,Australia,Sri Lanka,Sri Lanka,field,normal,0,Australia,74,0,RA Jadeja,Dr. Y.S. Rajasekhara Reddy ACA-VDCA Cricket Stadium,JD Cloete,HDPK Dharmasena,
255,2012,Jaipur,08-04-2012,Pakistan,West Indies,West Indies,field,normal,0,Pakistan,22,0,BJ Hodge,Sawai Mansingh Stadium,BF Bowden,VA Kulkarni,
256,2012,Pune,08-04-2012,Kenya,New Zealand,Kenya,bat,normal,0,Kenya,22,0,MN Samuels,Subrata Roy Sahara Stadium,S Das,SJA Taufel,
257,2012,Visakhapatnam,09-04-2012,Sri Lanka,India,Sri Lanka,bat,normal,0,India,0,5,RG Sharma,Dr. Y.S. Rajasekhara Reddy ACA-VDCA Cricket Stadium,AK Chaudhary,JD Cloete,
258,2012,Bangalore,10-04-2012,West Indies,South Africa,South Africa,field,normal,0,West Indies,42,0,L Balaji,M Chinnaswamy Stadium,S Ravi,RJ Tucker,
259,2012,Delhi,10-04-2012,Australia,Bangladesh,Bangladesh,field,normal,0,Bangladesh,0,8,M Morkel,Feroz Shah Kotla,Asad Rauf,SK Tarapore,
260,2012,Mumbai,11-04-2012,India,Pakistan,Pakistan,field,normal,0,India,27,0,KA Pollard,Wankhede Stadium,Aleem Dar,BNJ Oxenford,
261,2012,Chennai,12-04-2012,South Africa,Australia,South Africa,bat,normal,0,Australia,0,5,F du Plessis,"MA Chidambaram Stadium, Chepauk",HDPK Dharmasena,RJ Tucker,
262,2012,Chandigarh,12-04-2012,Kenya,New Zealand,New Zealand,field,normal,0,New Zealand,0,7,AD Mascarenhas,"Punjab Cricket Association Stadium, Mohali",VA Kulkarni,SK Tarapore,
263,2012,Kolkata,13-04-2012,Pakistan,West Indies,Pakistan,bat,normal,0,West Indies,0,5,Shakib Al Hasan,Eden Gardens,Asad Rauf,S Asnani,
264,2012,Delhi,19-04-2012,Sri Lanka,Bangladesh,Sri Lanka,bat,normal,0,Bangladesh,0,5,KP Pietersen,Feroz Shah Kotla,BF Bowden,SK Tarapore,
265,2012,Pune,14-04-2012,Australia,Kenya,Australia,bat,normal,0,Kenya,0,7,JD Ryder,Subrata Roy Sahara Stadium,Aleem Dar,BNJ Oxenford,
266,2012,Kolkata,15-04-2012,New Zealand,West Indies,West Indies,field,normal,0,New Zealand,2,0,SP Narine,Eden Gardens,Asad Rauf,S Asnani,
267,2012,Bangalore,15-04-2012,Pakistan,South Africa,Pakistan,bat,normal,0,Pakistan,59,0,AM Rahane,M Chinnaswamy Stadium,JD Cloete,RJ Tucker,
268,2012,Mumbai,16-04-2012,India,Bangladesh,Bangladesh,field,normal,0,Bangladesh,0,7,S Nadeem,Wankhede Stadium,BF Bowden,SK Tarapore,
269,2012,Jaipur,17-04-2012,Sri Lanka,Pakistan,Sri Lanka,bat,normal,0,Pakistan,0,5,BJ Hodge,Sawai Mansingh Stadium,Aleem Dar,BNJ Oxenford,
270,2012,Bangalore,17-04-2012,Kenya,South Africa,Kenya,bat,normal,0,South Africa,0,6,CH Gayle,M Chinnaswamy Stadium,S Asnani,S Das,
271,2012,Chandigarh,18-04-2012,New Zealand,West Indies,New Zealand,bat,normal,0,West Indies,0,8,G Gambhir,"Punjab Cricket Association Stadium, Mohali",JD Cloete,RJ Tucker,
272,2012,Hyderabad,10-05-2012,Sri Lanka,Bangladesh,Sri Lanka,bat,normal,0,Bangladesh,0,9,DA Warner,"Rajiv Gandhi International Stadium, Uppal",JD Cloete,SJA Taufel,
273,2012,Chennai,19-04-2012,Australia,Kenya,Kenya,field,normal,0,Australia,13,0,KMDN Kulasekara,"MA Chidambaram Stadium, Chepauk",Asad Rauf,S Das,
274,2012,Chandigarh,20-04-2012,New Zealand,South Africa,South Africa,field,normal,0,South Africa,0,5,CH Gayle,"Punjab Cricket Association Stadium, Mohali",S Ravi,RJ Tucker,
275,2012,Chennai,21-04-2012,Pakistan,Australia,Pakistan,bat,normal,0,Australia,0,7,F du Plessis,"MA Chidambaram Stadium, Chepauk",Aleem Dar,BNJ Oxenford,
276,2012,Delhi,21-04-2012,Kenya,Bangladesh,Bangladesh,field,normal,0,Kenya,20,0,SC Ganguly,Feroz Shah Kotla,Asad Rauf,S Das,
277,2012,Mumbai,22-04-2012,India,New Zealand,India,bat,normal,0,New Zealand,0,6,SE Marsh,Wankhede Stadium,S Ravi,RJ Tucker,
278,2012,Cuttack,22-04-2012,Sri Lanka,West Indies,West Indies,field,normal,0,West Indies,0,5,B Lee,Barabati Stadium,BF Bowden,SK Tarapore,
279,2012,Jaipur,23-04-2012,South Africa,Pakistan,Pakistan,field,normal,0,South Africa,46,0,AB de Villiers,Sawai Mansingh Stadium,Asad Rauf,S Asnani,
280,2012,Pune,24-04-2012,Kenya,Bangladesh,Kenya,bat,normal,0,Bangladesh,0,8,V Sehwag,Subrata Roy Sahara Stadium,S Ravi,RJ Tucker,
281,2012,Chandigarh,25-04-2012,New Zealand,India,New Zealand,bat,normal,0,India,0,4,AT Rayudu,"Punjab Cricket Association Stadium, Mohali",Aleem Dar,BNJ Oxenford,
282,2012,Pune,26-04-2012,Sri Lanka,Kenya,Sri Lanka,bat,normal,0,Sri Lanka,18,0,CL White,Subrata Roy Sahara Stadium,S Ravi,RJ Tucker,
283,2012,Delhi,27-04-2012,Bangladesh,India,India,field,normal,0,Bangladesh,37,0,V Sehwag,Feroz Shah Kotla,Aleem Dar,BNJ Oxenford,
284,2012,Chennai,28-04-2012,New Zealand,Australia,New Zealand,bat,normal,0,New Zealand,7,0,Mandeep Singh,"MA Chidambaram Stadium, Chepauk",BF Bowden,SK Tarapore,
285,2012,Kolkata,28-04-2012,West Indies,South Africa,West Indies,bat,normal,0,West Indies,47,0,G Gambhir,Eden Gardens,Asad Rauf,BR Doctrove,
286,2012,Delhi,29-04-2012,Bangladesh,Pakistan,Bangladesh,bat,normal,0,Bangladesh,1,0,V Sehwag,Feroz Shah Kotla,S Ravi,RJ Tucker,
287,2012,Mumbai,29-04-2012,Sri Lanka,India,India,field,normal,0,India,0,5,DW Steyn,Wankhede Stadium,AK Chaudhary,BNJ Oxenford,
288,2012,Chennai,30-04-2012,Australia,West Indies,Australia,bat,normal,0,West Indies,0,5,G Gambhir,"MA Chidambaram Stadium, Chepauk",BF Bowden,C Shamshuddin,
289,2012,Cuttack,01-05-2012,Sri Lanka,Kenya,Sri Lanka,bat,normal,0,Sri Lanka,13,0,KC Sangakkara,Barabati Stadium,Aleem Dar,AK Chaudhary,
290,2012,Jaipur,01-05-2012,Pakistan,Bangladesh,Pakistan,bat,normal,0,Bangladesh,0,6,P Negi,Sawai Mansingh Stadium,JD Cloete,SJA Taufel,
291,2012,Bangalore,02-05-2012,South Africa,New Zealand,New Zealand,field,normal,0,New Zealand,0,4,Azhar Mahmood,M Chinnaswamy Stadium,BF Bowden,C Shamshuddin,
292,2012,Pune,03-05-2012,India,Kenya,India,bat,normal,0,India,1,0,SL Malinga,Subrata Roy Sahara Stadium,Asad Rauf,S Asnani,
293,2012,Chennai,04-05-2012,Australia,Sri Lanka,Australia,bat,normal,0,Australia,10,0,SK Raina,"MA Chidambaram Stadium, Chepauk",HDPK Dharmasena,BNJ Oxenford,
294,2012,Kolkata,05-05-2012,West Indies,Kenya,West Indies,bat,normal,0,West Indies,7,0,SP Narine,Eden Gardens,BF Bowden,SK Tarapore,
295,2012,Chandigarh,05-05-2012,Pakistan,New Zealand,Pakistan,bat,normal,0,Pakistan,43,0,SR Watson,"Punjab Cricket Association Stadium, Mohali",JD Cloete,SJA Taufel,
296,2012,Mumbai,06-05-2012,Australia,India,India,field,normal,0,India,0,2,DR Smith,Wankhede Stadium,Asad Rauf,S Asnani,
297,2012,Bangalore,06-05-2012,Sri Lanka,South Africa,South Africa,field,normal,0,South Africa,0,5,AB de Villiers,M Chinnaswamy Stadium,HDPK Dharmasena,BNJ Oxenford,
298,2012,Delhi,07-05-2012,Bangladesh,West Indies,Bangladesh,bat,normal,0,West Indies,0,6,JH Kallis,Feroz Shah Kotla,JD Cloete,S Ravi,
299,2012,Pune,08-05-2012,Kenya,Pakistan,Kenya,bat,normal,0,Pakistan,0,7,SR Watson,Subrata Roy Sahara Stadium,Asad Rauf,BR Doctrove,
300,2012,Hyderabad,08-05-2012,New Zealand,Sri Lanka,Sri Lanka,field,normal,0,New Zealand,25,0,Mandeep Singh,"Rajiv Gandhi International Stadium, Uppal",HDPK Dharmasena,BNJ Oxenford,
301,2012,Mumbai,09-05-2012,India,South Africa,South Africa,field,normal,0,South Africa,0,9,CH Gayle,Wankhede Stadium,BF Bowden,VA Kulkarni,
302,2012,Jaipur,10-05-2012,Pakistan,Australia,Australia,field,normal,0,Australia,0,4,BW Hilfenhaus,Sawai Mansingh Stadium,BNJ Oxenford,C Shamshuddin,
303,2012,Pune,11-05-2012,South Africa,Kenya,Kenya,field,normal,0,South Africa,35,0,CH Gayle,Subrata Roy Sahara Stadium,BF Bowden,SK Tarapore,
304,2012,Kolkata,12-05-2012,India,West Indies,India,bat,normal,0,India,27,0,RG Sharma,Eden Gardens,S Ravi,SJA Taufel,
305,2012,Chennai,12-05-2012,Bangladesh,Australia,Australia,field,normal,0,Australia,0,9,BW Hilfenhaus,"MA Chidambaram Stadium, Chepauk",S Das,BR Doctrove,
306,2012,Jaipur,13-05-2012,Pakistan,Kenya,Pakistan,bat,normal,0,Pakistan,45,0,A Chandila,Sawai Mansingh Stadium,BF Bowden,SK Tarapore,
307,2012,Chandigarh,13-05-2012,Sri Lanka,New Zealand,Sri Lanka,bat,normal,0,New Zealand,0,4,DJ Hussey,"Punjab Cricket Association Stadium, Mohali",HDPK Dharmasena,BNJ Oxenford,
308,2012,Bangalore,14-05-2012,South Africa,India,India,field,normal,0,India,0,5,AT Rayudu,M Chinnaswamy Stadium,S Das,BR Doctrove,
309,2012,Kolkata,14-05-2012,West Indies,Australia,Australia,field,normal,0,Australia,0,5,MEK Hussey,Eden Gardens,JD Cloete,SJA Taufel,
310,2012,Delhi,15-05-2012,New Zealand,Bangladesh,New Zealand,bat,normal,0,Bangladesh,0,5,UT Yadav,Feroz Shah Kotla,HDPK Dharmasena,BNJ Oxenford,
311,2012,Mumbai,16-05-2012,West Indies,India,India,field,normal,0,West Indies,32,0,SP Narine,Wankhede Stadium,S Das,BR Doctrove,
312,2012,Dharamsala,17-05-2012,Australia,New Zealand,New Zealand,field,normal,0,New Zealand,0,6,AC Gilchrist,Himachal Pradesh Cricket Association Stadium,VA Kulkarni,SK Tarapore,
313,2012,Delhi,17-05-2012,South Africa,Bangladesh,Bangladesh,field,normal,0,South Africa,21,0,CH Gayle,Feroz Shah Kotla,HDPK Dharmasena,C Shamshuddin,
314,2012,Hyderabad,18-05-2012,Pakistan,Sri Lanka,Pakistan,bat,normal,0,Sri Lanka,0,5,DW Steyn,"Rajiv Gandhi International Stadium, Uppal",S Ravi,SJA Taufel,
315,2012,Dharamsala,19-05-2012,New Zealand,Bangladesh,Bangladesh,field,normal,0,Bangladesh,0,6,UT Yadav,Himachal Pradesh Cricket Association Stadium,BF Bowden,VA Kulkarni,
316,2012,Pune,19-05-2012,West Indies,Kenya,West Indies,bat,normal,0,West Indies,34,0,Shakib Al Hasan,Subrata Roy Sahara Stadium,S Asnani,BR Doctrove,
317,2012,Hyderabad,20-05-2012,Sri Lanka,South Africa,South Africa,field,normal,0,Sri Lanka,9,0,DW Steyn,"Rajiv Gandhi International Stadium, Uppal",S Ravi,SJA Taufel,
318,2012,Jaipur,20-05-2012,Pakistan,India,Pakistan,bat,normal,0,India,0,10,DR Smith,Sawai Mansingh Stadium,HDPK Dharmasena,C Shamshuddin,
319,2012,Pune,22-05-2012,West Indies,Bangladesh,West Indies,bat,normal,0,West Indies,18,0,YK Pathan,Subrata Roy Sahara Stadium,BR Doctrove,SJA Taufel,
320,2012,Bangalore,23-05-2012,Australia,India,India,field,normal,0,Australia,38,0,MS Dhoni,M Chinnaswamy Stadium,BF Bowden,HDPK Dharmasena,
321,2012,Chennai,25-05-2012,Australia,Bangladesh,Bangladesh,field,normal,0,Australia,86,0,M Vijay,"MA Chidambaram Stadium, Chepauk",BR Doctrove,SJA Taufel,
322,2012,Chennai,27-05-2012,Australia,West Indies,Australia,bat,normal,0,West Indies,0,5,MS Bisla,"MA Chidambaram Stadium, Chepauk",BF Bowden,SJA Taufel,
323,2013,Kolkata,03-04-2013,Bangladesh,West Indies,West Indies,field,normal,0,West Indies,0,6,SP Narine,Eden Gardens,S Ravi,SJA Taufel,
324,2013,Bangalore,04-04-2013,South Africa,India,India,field,normal,0,South Africa,2,0,CH Gayle,M Chinnaswamy Stadium,VA Kulkarni,C Shamshuddin,
325,2013,Hyderabad,05-04-2013,England,Kenya,Kenya,field,normal,0,England,22,0,A Mishra,"Rajiv Gandhi International Stadium, Uppal",S Ravi,SJA Taufel,
326,2013,Delhi,06-04-2013,Pakistan,Bangladesh,Pakistan,bat,normal,0,Pakistan,5,0,R Dravid,Feroz Shah Kotla,S Das,C Shamshuddin,
327,2013,Chennai,06-04-2013,India,Australia,India,bat,normal,0,India,9,0,KA Pollard,"MA Chidambaram Stadium, Chepauk",M Erasmus,VA Kulkarni,
328,2013,Pune,07-04-2013,Kenya,New Zealand,Kenya,bat,normal,0,New Zealand,0,8,M Vohra,Subrata Roy Sahara Stadium,S Asnani,SJA Taufel,
329,2013,Hyderabad,07-04-2013,South Africa,England,South Africa,bat,tie,0,England,0,0,GH Vihari,"Rajiv Gandhi International Stadium, Uppal",AK Chowdhary,S Ravi,
330,2013,Jaipur,08-04-2013,Pakistan,West Indies,West Indies,field,normal,0,Pakistan,19,0,SK Trivedi,Sawai Mansingh Stadium,Aleem Dar,S Das,
331,2013,Mumbai,09-04-2013,India,Bangladesh,India,bat,normal,0,India,44,0,KD Karthik,Wankhede Stadium,M Erasmus,VA Kulkarni,
332,2013,Chandigarh,10-04-2013,New Zealand,Australia,Australia,field,normal,0,Australia,0,10,MEK Hussey,"Punjab Cricket Association Stadium, Mohali",Aleem Dar,C Shamshuddin,
333,2013,Bangalore,11-04-2013,West Indies,South Africa,South Africa,field,normal,0,South Africa,0,8,CH Gayle,M Chinnaswamy Stadium,Asad Rauf,AK Chowdhary,
334,2013,Pune,11-04-2013,Pakistan,Kenya,Pakistan,bat,normal,0,Kenya,0,7,AJ Finch,Subrata Roy Sahara Stadium,M Erasmus,K Srinath,
335,2013,Delhi,12-04-2013,Bangladesh,England,Bangladesh,bat,normal,0,England,0,3,A Mishra,Feroz Shah Kotla,Aleem Dar,Subroto Das,
336,2013,Mumbai,13-04-2013,India,Kenya,India,bat,normal,0,India,41,0,RG Sharma,Wankhede Stadium,S Ravi,SJA Taufel,
337,2013,Chennai,13-04-2013,South Africa,Australia,Australia,field,normal,0,Australia,0,4,RA Jadeja,"MA Chidambaram Stadium, Chepauk",Asad Rauf,AK Chowdhary,
338,2013,Kolkata,14-04-2013,West Indies,England,West Indies,bat,normal,0,West Indies,48,0,G Gambhir,Eden Gardens,M Erasmus,VA Kulkarni,
339,2013,Jaipur,14-04-2013,New Zealand,Pakistan,Pakistan,field,normal,0,Pakistan,0,6,JP Faulkner,Sawai Mansingh Stadium,Aleem Dar,C Shamshuddin,
340,2013,Chennai,15-04-2013,Kenya,Australia,Kenya,bat,normal,0,Kenya,24,0,SPD Smith,"MA Chidambaram Stadium, Chepauk",Asad Rauf,AK Chaudhary,
341,2013,Chandigarh,16-04-2013,New Zealand,West Indies,West Indies,field,normal,0,New Zealand,4,0,MS Gony,"Punjab Cricket Association Stadium, Mohali",CK Nandan,SJA Taufel,
342,2013,Bangalore,16-04-2013,Bangladesh,South Africa,South Africa,field,tie,0,South Africa,0,0,V Kohli,M Chinnaswamy Stadium,M Erasmus,VA Kulkarni,
343,2013,Pune,17-04-2013,England,Kenya,Kenya,field,normal,0,England,11,0,A Mishra,Subrata Roy Sahara Stadium,Asad Rauf,AK Chaudhary,
344,2013,Jaipur,17-04-2013,Pakistan,India,Pakistan,bat,normal,0,Pakistan,87,0,AM Rahane,Sawai Mansingh Stadium,Aleem Dar,C Shamshuddin,
345,2013,Delhi,18-04-2013,Australia,Bangladesh,Australia,bat,normal,0,Australia,86,0,MEK Hussey,Feroz Shah Kotla,M Erasmus,VA Kulkarni,
346,2013,Hyderabad,19-04-2013,New Zealand,England,New Zealand,bat,normal,0,England,0,5,GH Vihari,"Rajiv Gandhi International Stadium, Uppal",HDPK Dharmasena,CK Nandan,
347,2013,Kolkata,20-04-2013,West Indies,Australia,West Indies,bat,normal,0,Australia,0,4,RA Jadeja,Eden Gardens,Asad Rauf,AK Chaudhary,
348,2013,Bangalore,20-04-2013,Pakistan,South Africa,South Africa,field,normal,0,South Africa,0,7,R Vinay Kumar,M Chinnaswamy Stadium,Aleem Dar,C Shamshuddin,
349,2013,Delhi,21-04-2013,India,Bangladesh,India,bat,normal,0,Bangladesh,0,9,V Sehwag,Feroz Shah Kotla,HDPK Dharmasena,S Ravi,
350,2013,Chandigarh,21-04-2013,Kenya,New Zealand,New Zealand,field,normal,0,New Zealand,0,7,DA Miller,"Punjab Cricket Association Stadium, Mohali",M Erasmus,K Srinath,
351,2013,Chennai,22-04-2013,Pakistan,Australia,Pakistan,bat,normal,0,Australia,0,5,MEK Hussey,"MA Chidambaram Stadium, Chepauk",S Asnani,AK Chaudhary,
352,2013,Bangalore,23-04-2013,South Africa,Kenya,Kenya,field,normal,0,South Africa,130,0,CH Gayle,M Chinnaswamy Stadium,Aleem Dar,C Shamshuddin,
353,2013,Dharamsala,16-05-2013,New Zealand,Bangladesh,Bangladesh,field,normal,0,New Zealand,7,0,DA Miller,Himachal Pradesh Cricket Association Stadium,HDPK Dharmasena,S Ravi,
354,2013,Kolkata,24-04-2013,West Indies,India,West Indies,bat,normal,0,India,0,5,DR Smith,Eden Gardens,HDPK Dharmasena,S Ravi,
355,2013,Chennai,25-04-2013,England,Australia,England,bat,normal,0,Australia,0,5,MS Dhoni,"MA Chidambaram Stadium, Chepauk",Aleem Dar,S Das,
356,2013,Kolkata,26-04-2013,New Zealand,West Indies,New Zealand,bat,normal,0,West Indies,0,6,JH Kallis,Eden Gardens,CK Nandan,S Ravi,
357,2013,Jaipur,27-04-2013,England,Pakistan,England,bat,normal,0,Pakistan,0,8,JP Faulkner,Sawai Mansingh Stadium,VA Kulkarni,K Srinath,
358,2013,Mumbai,27-04-2013,India,South Africa,India,bat,normal,0,India,58,0,DR Smith,Wankhede Stadium,Asad Rauf,S Asnani,
359,2013,Chennai,28-04-2013,Australia,West Indies,West Indies,field,normal,0,Australia,14,0,MEK Hussey,"MA Chidambaram Stadium, Chepauk",Aleem Dar,SJA Taufel,
360,2013,Raipur,28-04-2013,Bangladesh,Kenya,Kenya,field,normal,0,Bangladesh,15,0,DA Warner,Shaheed Veer Narayan Singh International Stadium,CK Nandan,S Ravi,
361,2013,Jaipur,29-04-2013,South Africa,Pakistan,Pakistan,field,normal,0,Pakistan,0,4,SV Samson,Sawai Mansingh Stadium,M Erasmus,K Srinath,
362,2013,Mumbai,29-04-2013,India,New Zealand,India,bat,normal,0,India,4,0,RG Sharma,Wankhede Stadium,Asad Rauf,AK Chaudhary,
363,2013,Pune,30-04-2013,Australia,Kenya,Australia,bat,normal,0,Australia,37,0,MS Dhoni,Subrata Roy Sahara Stadium,S Das,SJA Taufel,
364,2013,Hyderabad,01-05-2013,India,England,India,bat,normal,0,England,0,7,I Sharma,"Rajiv Gandhi International Stadium, Uppal",Asad Rauf,S Asnani,
365,2013,Raipur,01-05-2013,West Indies,Bangladesh,West Indies,bat,normal,0,Bangladesh,0,7,DA Warner,Shaheed Veer Narayan Singh International Stadium,HDPK Dharmasena,CK Nandan,
366,2013,Chennai,02-05-2013,Australia,New Zealand,Australia,bat,normal,0,Australia,15,0,SK Raina,"MA Chidambaram Stadium, Chepauk",M Erasmus,VA Kulkarni,
367,2013,Pune,02-05-2013,South Africa,Kenya,South Africa,bat,normal,0,South Africa,17,0,AB de Villiers,Subrata Roy Sahara Stadium,Aleem Dar,C Shamshuddin,
368,2013,Kolkata,03-05-2013,Pakistan,West Indies,Pakistan,bat,normal,0,West Indies,0,8,YK Pathan,Eden Gardens,HDPK Dharmasena,CK Nandan,
369,2013,Hyderabad,04-05-2013,Bangladesh,England,Bangladesh,bat,normal,0,England,0,6,DJG Sammy,"Rajiv Gandhi International Stadium, Uppal",Asad Rauf,S Asnani,
370,2013,Bangalore,14-05-2013,South Africa,New Zealand,New Zealand,field,normal,0,New Zealand,0,7,AC Gilchrist,M Chinnaswamy Stadium,HDPK Dharmasena,S Ravi,
371,2013,Mumbai,05-05-2013,India,Australia,India,bat,normal,0,India,60,0,MG Johnson,Wankhede Stadium,HDPK Dharmasena,CK Nandan,
372,2013,Jaipur,05-05-2013,Kenya,Pakistan,Kenya,bat,normal,0,Pakistan,0,5,AM Rahane,Sawai Mansingh Stadium,C Shamshuddin,RJ Tucker,
373,2013,Bangalore,09-04-2013,England,South Africa,England,bat,normal,0,South Africa,0,7,V Kohli,M Chinnaswamy Stadium,S Ravi,SJA Taufel,
374,2013,Jaipur,07-05-2013,Bangladesh,Pakistan,Bangladesh,bat,normal,0,Pakistan,0,9,AM Rahane,Sawai Mansingh Stadium,Aleem Dar,RJ Tucker,
375,2013,Mumbai,07-05-2013,India,West Indies,India,bat,normal,0,India,65,0,SR Tendulkar,Wankhede Stadium,HDPK Dharmasena,S Ravi,
376,2013,Hyderabad,08-05-2013,Australia,England,England,field,normal,0,Australia,77,0,SK Raina,"Rajiv Gandhi International Stadium, Uppal",S Das,NJ Llong,
377,2013,Chandigarh,09-05-2013,New Zealand,Pakistan,Pakistan,field,normal,0,Pakistan,0,8,KK Cooper,"Punjab Cricket Association Stadium, Mohali",HDPK Dharmasena,S Ravi,
378,2013,Pune,09-05-2013,West Indies,Kenya,West Indies,bat,normal,0,West Indies,46,0,G Gambhir,Subrata Roy Sahara Stadium,Asad Rauf,S Asnani,
379,2013,Delhi,10-05-2013,South Africa,Bangladesh,Bangladesh,field,normal,0,South Africa,4,0,JD Unadkat,Feroz Shah Kotla,NJ Llong,K Srinath,
380,2013,Pune,11-05-2013,Kenya,India,Kenya,bat,normal,0,India,0,5,MG Johnson,Subrata Roy Sahara Stadium,Asad Rauf,AK Chaudhary,
381,2013,Chandigarh,11-05-2013,England,New Zealand,New Zealand,field,normal,0,England,30,0,PA Patel,"Punjab Cricket Association Stadium, Mohali",S Das,RJ Tucker,
382,2013,Ranchi,12-05-2013,South Africa,West Indies,West Indies,field,normal,0,West Indies,0,5,JH Kallis,JSCA International Stadium Complex,NJ Llong,K Srinath,
383,2013,Jaipur,12-05-2013,Australia,Pakistan,Pakistan,field,normal,0,Pakistan,0,5,SR Watson,Sawai Mansingh Stadium,HDPK Dharmasena,CK Nandan,
384,2013,Delhi,23-04-2013,Bangladesh,New Zealand,New Zealand,field,normal,0,New Zealand,0,5,Harmeet Singh,Feroz Shah Kotla,VA Kulkarni,K Srinath,
385,2013,Mumbai,13-05-2013,England,India,England,bat,normal,0,India,0,7,KA Pollard,Wankhede Stadium,AK Chaudhary,SJA Taufel,
386,2013,Ranchi,15-05-2013,Kenya,West Indies,West Indies,field,normal,0,Kenya,7,0,MK Pandey,JSCA International Stadium Complex,NJ Llong,K Srinath,
387,2013,Chennai,14-05-2013,Australia,Bangladesh,Australia,bat,normal,0,Australia,33,0,MS Dhoni,"MA Chidambaram Stadium, Chepauk",C Shamshuddin,RJ Tucker,
388,2013,Mumbai,15-05-2013,India,Pakistan,Pakistan,field,normal,0,India,14,0,AP Tare,Wankhede Stadium,Asad Rauf,S Asnani,
389,2013,Chandigarh,06-05-2013,South Africa,New Zealand,New Zealand,field,normal,0,New Zealand,0,6,DA Miller,"Punjab Cricket Association Stadium, Mohali",VA Kulkarni,NJ Llong,
390,2013,Hyderabad,17-05-2013,England,Pakistan,England,bat,normal,0,England,23,0,A Mishra,"Rajiv Gandhi International Stadium, Uppal",Asad Rauf,AK Chaudhary,
391,2013,Dharamsala,18-05-2013,New Zealand,India,India,field,normal,0,New Zealand,50,0,Azhar Mahmood,Himachal Pradesh Cricket Association Stadium,HDPK Dharmasena,CK Nandan,
392,2013,Pune,19-05-2013,Kenya,Bangladesh,Kenya,bat,normal,0,Kenya,38,0,LJ Wright,Subrata Roy Sahara Stadium,NJ Llong,SJA Taufel,
393,2013,Bangalore,18-05-2013,South Africa,Australia,Australia,field,normal,0,South Africa,24,0,V Kohli,M Chinnaswamy Stadium,C Shamshuddin,RJ Tucker,
394,2013,Hyderabad,19-05-2013,West Indies,England,West Indies,bat,normal,0,England,0,5,PA Patel,"Rajiv Gandhi International Stadium, Uppal",Asad Rauf,S Asnani,
395,2013,Delhi,21-05-2013,Australia,India,Australia,bat,normal,0,Australia,48,0,MEK Hussey,Feroz Shah Kotla,NJ Llong,RJ Tucker,
396,2013,Delhi,22-05-2013,England,Pakistan,England,bat,normal,0,Pakistan,0,4,BJ Hodge,Feroz Shah Kotla,S Ravi,RJ Tucker,
397,2013,Kolkata,24-05-2013,Pakistan,India,Pakistan,bat,normal,0,India,0,4,Harbhajan Singh,Eden Gardens,C Shamshuddin,SJA Taufel,
398,2013,Kolkata,26-05-2013,India,Australia,India,bat,normal,0,India,23,0,KA Pollard,Eden Gardens,HDPK Dharmasena,SJA Taufel,
399,2014,Abu Dhabi,16-04-2014,West Indies,India,West Indies,bat,normal,0,West Indies,41,0,JH Kallis,Sheikh Zayed Stadium,M Erasmus,RK Illingworth,
400,2014,Sharjah,17-04-2014,Bangladesh,South Africa,South Africa,field,normal,0,South Africa,0,8,YS Chahal,Sharjah Cricket Stadium,Aleem Dar,S Ravi,
401,2014,Abu Dhabi,18-04-2014,Australia,New Zealand,Australia,bat,normal,0,New Zealand,0,6,GJ Maxwell,Sheikh Zayed Stadium,RK Illingworth,C Shamshuddin,
402,2014,Abu Dhabi,18-04-2014,England,Pakistan,Pakistan,field,normal,0,Pakistan,0,4,AM Rahane,Sheikh Zayed Stadium,BF Bowden,RK Illingworth,
403,2014,,19-04-2014,India,South Africa,South Africa,field,normal,0,South Africa,0,7,PA Patel,Dubai International Cricket Stadium,Aleem Dar,AK Chaudhary,
404,2014,,19-04-2014,West Indies,Bangladesh,West Indies,bat,normal,0,Bangladesh,0,4,JP Duminy,Dubai International Cricket Stadium,Aleem Dar,VA Kulkarni,
405,2014,Sharjah,20-04-2014,Pakistan,New Zealand,New Zealand,field,normal,0,New Zealand,0,7,GJ Maxwell,Sharjah Cricket Stadium,BF Bowden,M Erasmus,
406,2014,Abu Dhabi,21-04-2014,Australia,Bangladesh,Australia,bat,normal,0,Australia,93,0,SK Raina,Sheikh Zayed Stadium,RK Illingworth,C Shamshuddin,
407,2014,Sharjah,22-04-2014,New Zealand,England,England,field,normal,0,New Zealand,72,0,GJ Maxwell,Sharjah Cricket Stadium,M Erasmus,S Ravi,
408,2014,,23-04-2014,Australia,Pakistan,Pakistan,field,normal,0,Australia,7,0,RA Jadeja,Dubai International Cricket Stadium,HDPK Dharmasena,RK Illingworth,
409,2014,Sharjah,24-04-2014,West Indies,South Africa,South Africa,field,normal,0,West Indies,2,0,CA Lynn,Sharjah Cricket Stadium,Aleem Dar,VA Kulkarni,
410,2014,,25-04-2014,England,Bangladesh,England,bat,normal,0,England,4,0,AJ Finch,Dubai International Cricket Stadium,M Erasmus,S Ravi,
411,2014,,25-04-2014,India,Australia,India,bat,normal,0,Australia,0,7,MM Sharma,Dubai International Cricket Stadium,BF Bowden,M Erasmus,
412,2014,Abu Dhabi,26-04-2014,South Africa,Pakistan,Pakistan,field,normal,0,Pakistan,0,6,PV Tambe,Sheikh Zayed Stadium,HDPK Dharmasena,C Shamshuddin,
413,2014,Abu Dhabi,26-04-2014,New Zealand,West Indies,West Indies,field,normal,0,New Zealand,23,0,Sandeep Sharma,Sheikh Zayed Stadium,HDPK Dharmasena,RK Illingworth,
414,2014,Sharjah,27-04-2014,India,Bangladesh,India,bat,normal,0,Bangladesh,0,6,M Vijay,Sharjah Cricket Stadium,Aleem Dar,VA Kulkarni,
415,2014,Sharjah,27-04-2014,England,Australia,England,bat,normal,0,Australia,0,5,DR Smith,Sharjah Cricket Stadium,AK Chaudhary,VA Kulkarni,
416,2014,,28-04-2014,South Africa,New Zealand,New Zealand,field,normal,0,New Zealand,0,5,Sandeep Sharma,Dubai International Cricket Stadium,BF Bowden,S Ravi,
417,2014,Abu Dhabi,29-04-2014,Pakistan,West Indies,Pakistan,bat,tie,0,Pakistan,0,0,JP Faulkner,Sheikh Zayed Stadium,Aleem Dar,AK Chaudhary,
418,2014,,30-04-2014,England,India,India,field,normal,0,England,15,0,B Kumar,Dubai International Cricket Stadium,HDPK Dharmasena,M Erasmus,
419,2014,Ranchi,02-05-2014,Australia,West Indies,Australia,bat,normal,0,Australia,34,0,RA Jadeja,JSCA International Stadium Complex,AK Chaudhary,NJ Llong,
420,2014,Mumbai,03-05-2014,New Zealand,India,New Zealand,bat,normal,0,India,0,5,CJ Anderson,Wankhede Stadium,BNJ Oxenford,C Shamshuddin,
421,2014,Delhi,03-05-2014,Bangladesh,Pakistan,Pakistan,field,normal,0,Pakistan,0,7,KK Nair,Feroz Shah Kotla,SS Hazare,S Ravi,
422,2014,Bangalore,04-05-2014,England,South Africa,South Africa,field,normal,0,South Africa,0,4,AB de Villiers,M Chinnaswamy Stadium,HDPK Dharmasena,VA Kulkarni,
423,2014,Ahmedabad,05-05-2014,Pakistan,West Indies,West Indies,field,normal,0,Pakistan,10,0,PV Tambe,"Sardar Patel Stadium, Motera",NJ Llong,CK Nandan,
424,2014,Delhi,05-05-2014,Bangladesh,Australia,Australia,field,normal,0,Australia,0,8,DR Smith,Feroz Shah Kotla,RM Deshpande,BNJ Oxenford,
425,2014,Mumbai,06-05-2014,India,South Africa,South Africa,field,normal,0,India,19,0,RG Sharma,Wankhede Stadium,S Ravi,K Srinath,
426,2014,Delhi,07-05-2014,Bangladesh,West Indies,Bangladesh,bat,normal,0,West Indies,0,8,G Gambhir,Feroz Shah Kotla,BNJ Oxenford,C Shamshuddin,
427,2014,Cuttack,07-05-2014,New Zealand,Australia,Australia,field,normal,0,New Zealand,44,0,GJ Maxwell,Barabati Stadium,HDPK Dharmasena,PG Pathak,
428,2014,Ahmedabad,08-05-2014,England,Pakistan,Pakistan,field,normal,0,England,32,0,B Kumar,"Sardar Patel Stadium, Motera",AK Chaudhary,NJ Llong,
429,2014,Bangalore,09-05-2014,New Zealand,South Africa,South Africa,field,normal,0,New Zealand,32,0,Sandeep Sharma,M Chinnaswamy Stadium,S Ravi,K Srinath,
430,2014,Delhi,10-05-2014,Bangladesh,England,England,field,normal,1,England,0,8,DW Steyn,Feroz Shah Kotla,RM Deshpande,BNJ Oxenford,
431,2014,Mumbai,10-05-2014,India,Australia,Australia,field,normal,0,Australia,0,4,DR Smith,Wankhede Stadium,HDPK Dharmasena,VA Kulkarni,
432,2014,Cuttack,11-05-2014,New Zealand,West Indies,West Indies,field,normal,0,West Indies,0,9,G Gambhir,Barabati Stadium,NJ Llong,CK Nandan,
433,2014,Bangalore,11-05-2014,South Africa,Pakistan,South Africa,bat,normal,0,Pakistan,0,5,JP Faulkner,M Chinnaswamy Stadium,S Ravi,RJ Tucker,
434,2014,Hyderabad,12-05-2014,England,India,England,bat,normal,0,India,0,7,AT Rayudu,"Rajiv Gandhi International Stadium, Uppal",HDPK Dharmasena,VA Kulkarni,
435,2014,Ranchi,13-05-2014,Pakistan,Australia,Pakistan,bat,normal,0,Australia,0,5,RA Jadeja,JSCA International Stadium Complex,BNJ Oxenford,C Shamshuddin,
436,2014,Bangalore,13-05-2014,South Africa,Bangladesh,Bangladesh,field,normal,0,South Africa,16,0,Yuvraj Singh,M Chinnaswamy Stadium,K Srinath,RJ Tucker,
437,2014,Hyderabad,14-05-2014,England,New Zealand,New Zealand,field,normal,0,New Zealand,0,6,WP Saha,"Rajiv Gandhi International Stadium, Uppal",VA Kulkarni,PG Pathak,
438,2014,Cuttack,14-05-2014,India,West Indies,West Indies,field,normal,0,West Indies,0,6,RV Uthappa,Barabati Stadium,AK Chaudhary,NJ Llong,
439,2014,Ahmedabad,15-05-2014,Pakistan,Bangladesh,Bangladesh,field,normal,0,Pakistan,62,0,AM Rahane,"Sardar Patel Stadium, Motera",S Ravi,RJ Tucker,
440,2014,Ranchi,18-05-2014,Australia,South Africa,Australia,bat,normal,0,South Africa,0,5,AB de Villiers,JSCA International Stadium Complex,BNJ Oxenford,C Shamshuddin,
441,2014,Hyderabad,18-05-2014,England,West Indies,England,bat,normal,0,West Indies,0,7,UT Yadav,"Rajiv Gandhi International Stadium, Uppal",NJ Llong,CK Nandan,
442,2014,Ahmedabad,19-05-2014,India,Pakistan,India,bat,normal,0,India,25,0,MEK Hussey,"Sardar Patel Stadium, Motera",S Ravi,RJ Tucker,
443,2014,Delhi,19-05-2014,Bangladesh,New Zealand,New Zealand,field,normal,0,New Zealand,0,4,AR Patel,Feroz Shah Kotla,HDPK Dharmasena,PG Pathak,
444,2014,Hyderabad,20-05-2014,South Africa,England,South Africa,bat,normal,0,England,0,7,DA Warner,"Rajiv Gandhi International Stadium, Uppal",AK Chaudhary,NJ Llong,
445,2014,Kolkata,20-05-2014,Australia,West Indies,West Indies,field,normal,0,West Indies,0,8,RV Uthappa,Eden Gardens,RM Deshpande,C Shamshuddin,
446,2014,Chandigarh,21-05-2014,New Zealand,India,India,field,normal,0,India,0,7,LMP Simmons,"Punjab Cricket Association Stadium, Mohali",HDPK Dharmasena,VA Kulkarni,
447,2014,Kolkata,22-05-2014,West Indies,South Africa,South Africa,field,normal,0,West Indies,30,0,RV Uthappa,Eden Gardens,AK Chaudhary,CK Nandan,
448,2014,Ranchi,22-05-2014,Australia,England,England,field,normal,0,England,0,6,DA Warner,JSCA International Stadium Complex,BNJ Oxenford,C Shamshuddin,
449,2014,Mumbai,23-05-2014,India,Bangladesh,Bangladesh,field,normal,0,India,15,0,MEK Hussey,Wankhede Stadium,S Ravi,RJ Tucker,
450,2014,Chandigarh,23-05-2014,New Zealand,Pakistan,Pakistan,field,normal,0,New Zealand,16,0,SE Marsh,"Punjab Cricket Association Stadium, Mohali",HDPK Dharmasena,PG Pathak,
451,2014,Bangalore,24-05-2014,South Africa,Australia,Australia,field,normal,0,Australia,0,8,MS Dhoni,M Chinnaswamy Stadium,AK Chaudhary,NJ Llong,
452,2014,Kolkata,24-05-2014,England,West Indies,West Indies,field,normal,0,West Indies,0,4,YK Pathan,Eden Gardens,RM Deshpande,BNJ Oxenford,
453,2014,Chandigarh,25-05-2014,Bangladesh,New Zealand,New Zealand,field,normal,0,New Zealand,0,7,M Vohra,"Punjab Cricket Association Stadium, Mohali",HDPK Dharmasena,VA Kulkarni,
454,2014,Mumbai,25-05-2014,Pakistan,India,India,field,normal,0,India,0,5,CJ Anderson,Wankhede Stadium,K Srinath,RJ Tucker,
455,2014,Kolkata,27-05-2014,West Indies,New Zealand,New Zealand,field,normal,0,West Indies,28,0,UT Yadav,Eden Gardens,NJ Llong,S Ravi,
456,2014,Mumbai,28-05-2014,India,Australia,Australia,field,normal,0,Australia,0,7,SK Raina,Brabourne Stadium,VA Kulkarni,BNJ Oxenford,
457,2014,Mumbai,30-05-2014,New Zealand,Australia,Australia,field,normal,0,New Zealand,24,0,V Sehwag,Wankhede Stadium,HDPK Dharmasena,RJ Tucker,
458,2014,Bangalore,01-06-2014,New Zealand,West Indies,West Indies,field,normal,0,West Indies,0,3,MK Pandey,M Chinnaswamy Stadium,HDPK Dharmasena,BNJ Oxenford,
459,2015,Kolkata,08-04-2015,India,West Indies,West Indies,field,normal,0,West Indies,0,7,M Morkel,Eden Gardens,S Ravi,C Shamshuddin,
460,2015,Chennai,09-04-2015,Australia,Bangladesh,Bangladesh,field,normal,0,Australia,1,0,A Nehra,"MA Chidambaram Stadium, Chepauk",RK Illingworth,VA Kulkarni,
461,2015,Pune,10-04-2015,Pakistan,New Zealand,New Zealand,field,normal,0,Pakistan,26,0,JP Faulkner,Maharashtra Cricket Association Stadium,SD Fry,CB Gaffaney,
462,2015,Chennai,11-04-2015,Australia,England,Australia,bat,normal,0,Australia,45,0,BB McCullum,"MA Chidambaram Stadium, Chepauk",RK Illingworth,VA Kulkarni,
463,2015,Kolkata,11-04-2015,West Indies,South Africa,South Africa,field,normal,0,South Africa,0,3,CH Gayle,Eden Gardens,S Ravi,C Shamshuddin,
464,2015,Delhi,12-04-2015,Bangladesh,Pakistan,Pakistan,field,normal,0,Pakistan,0,3,DJ Hooda,Feroz Shah Kotla,SD Fry,CB Gaffaney,
465,2015,Mumbai,12-04-2015,New Zealand,India,India,field,normal,0,New Zealand,18,0,GJ Bailey,Wankhede Stadium,AK Chaudhary,K Srinivasan,
466,2015,Bangalore,13-04-2015,South Africa,England,England,field,normal,0,England,0,8,DA Warner,M Chinnaswamy Stadium,RM Deshpande,RK Illingworth,
467,2015,Ahmedabad,14-04-2015,India,Pakistan,India,bat,normal,0,Pakistan,0,7,SPD Smith,"Sardar Patel Stadium, Motera",AK Chaudhary,SD Fry,
468,2015,Kolkata,30-04-2015,Australia,West Indies,West Indies,field,normal,0,West Indies,0,7,AD Russell,Eden Gardens,AK Chaudhary,M Erasmus,
469,2015,Pune,15-04-2015,New Zealand,Bangladesh,New Zealand,bat,normal,0,Bangladesh,0,5,MA Agarwal,Maharashtra Cricket Association Stadium,CB Gaffaney,K Srinath,
470,2015,Visakhapatnam,16-04-2015,England,Pakistan,Pakistan,field,normal,0,Pakistan,0,6,AM Rahane,Dr. Y.S. Rajasekhara Reddy ACA-VDCA Cricket Stadium,PG Pathak,S Ravi,
471,2015,Mumbai,17-04-2015,India,Australia,India,bat,normal,0,Australia,0,6,A Nehra,Wankhede Stadium,AK Chaudhary,M Erasmus,
472,2015,Visakhapatnam,18-04-2015,Bangladesh,England,Bangladesh,bat,normal,0,Bangladesh,4,0,JP Duminy,Dr. Y.S. Rajasekhara Reddy ACA-VDCA Cricket Stadium,PG Pathak,S Ravi,
473,2015,Pune,18-04-2015,New Zealand,West Indies,West Indies,field,normal,0,West Indies,0,4,AD Russell,Maharashtra Cricket Association Stadium,SD Fry,CK Nandan,
474,2015,Ahmedabad,19-04-2015,Australia,Pakistan,Australia,bat,normal,0,Pakistan,0,8,AM Rahane,"Sardar Patel Stadium, Motera",AK Chaudhary,M Erasmus,
475,2015,Bangalore,19-04-2015,India,South Africa,South Africa,field,normal,0,India,18,0,Harbhajan Singh,M Chinnaswamy Stadium,RK Illingworth,VA Kulkarni,
476,2015,Delhi,20-04-2015,Bangladesh,West Indies,West Indies,field,normal,0,West Indies,0,6,UT Yadav,Feroz Shah Kotla,SD Fry,CB Gaffaney,
477,2015,Ahmedabad,21-04-2015,Pakistan,New Zealand,New Zealand,field,tie,0,New Zealand,0,0,SE Marsh,"Sardar Patel Stadium, Motera",M Erasmus,S Ravi,
478,2015,Visakhapatnam,22-04-2015,England,West Indies,West Indies,field,normal,1,England,16,0,DA Warner,Dr. Y.S. Rajasekhara Reddy ACA-VDCA Cricket Stadium,RK Illingworth,VA Kulkarni,
479,2015,Bangalore,22-04-2015,Australia,South Africa,South Africa,field,normal,0,Australia,27,0,SK Raina,M Chinnaswamy Stadium,JD Cloete,C Shamshuddin,
480,2015,Delhi,23-04-2015,Bangladesh,India,India,field,normal,0,Bangladesh,37,0,SS Iyer,Feroz Shah Kotla,SD Fry,CK Nandan,
481,2015,Ahmedabad,24-04-2015,Pakistan,South Africa,South Africa,field,normal,0,South Africa,0,9,MA Starc,"Sardar Patel Stadium, Motera",M Erasmus,S Ravi,
482,2015,Mumbai,25-04-2015,India,England,India,bat,normal,0,India,20,0,SL Malinga,Wankhede Stadium,HDPK Dharmasena,CB Gaffaney,
483,2015,Chennai,25-04-2015,Australia,New Zealand,Australia,bat,normal,0,Australia,97,0,BB McCullum,"MA Chidambaram Stadium, Chepauk",JD Cloete,C Shamshuddin,
484,2015,Delhi,26-04-2015,Bangladesh,South Africa,South Africa,field,normal,0,South Africa,0,10,VR Aaron,Feroz Shah Kotla,M Erasmus,S Ravi,
485,2015,Chandigarh,27-04-2015,England,New Zealand,New Zealand,field,normal,0,England,20,0,TA Boult,"Punjab Cricket Association Stadium, Mohali",HDPK Dharmasena,CB Gaffaney,
486,2015,Kolkata,07-05-2015,West Indies,Bangladesh,West Indies,bat,normal,0,West Indies,13,0,PP Chawla,Eden Gardens,AK Chaudhary,M Erasmus,
487,2015,Bangalore,29-04-2015,South Africa,Pakistan,Pakistan,field,no result,0,,0,0,,M Chinnaswamy Stadium,JD Cloete,PG Pathak,
488,2015,Chennai,28-04-2015,Australia,West Indies,West Indies,field,normal,0,Australia,2,0,DJ Bravo,"MA Chidambaram Stadium, Chepauk",RM Deshpande,VA Kulkarni,
489,2015,Delhi,01-05-2015,New Zealand,Bangladesh,Bangladesh,field,normal,0,Bangladesh,0,9,NM Coulter-Nile,Feroz Shah Kotla,RK Illingworth,S Ravi,
490,2015,Mumbai,01-05-2015,India,Pakistan,Pakistan,field,normal,0,India,8,0,AT Rayudu,Wankhede Stadium,HDPK Dharmasena,CK Nandan,
491,2015,Bangalore,02-05-2015,West Indies,South Africa,South Africa,field,normal,0,South Africa,0,7,Mandeep Singh,M Chinnaswamy Stadium,JD Cloete,PG Pathak,
492,2015,Hyderabad,02-05-2015,England,Australia,Australia,field,normal,0,England,22,0,DA Warner,"Rajiv Gandhi International Stadium, Uppal",AK Chaudhary,K Srinivasan,
493,2015,Chandigarh,03-05-2015,India,New Zealand,India,bat,normal,0,India,23,0,LMP Simmons,"Punjab Cricket Association Stadium, Mohali",RK Illingworth,VA Kulkarni,
494,2015,Mumbai,03-05-2015,Pakistan,Bangladesh,Bangladesh,field,normal,0,Pakistan,14,0,AM Rahane,Brabourne Stadium,HDPK Dharmasena,CB Gaffaney,
495,2015,Chennai,04-05-2015,Australia,South Africa,Australia,bat,normal,0,Australia,24,0,SK Raina,"MA Chidambaram Stadium, Chepauk",C Shamshuddin,K Srinath,
496,2015,Kolkata,04-05-2015,West Indies,England,England,field,normal,0,West Indies,35,0,UT Yadav,Eden Gardens,AK Chaudhary,M Erasmus,
497,2015,Mumbai,05-05-2015,Bangladesh,India,Bangladesh,bat,normal,0,India,0,5,Harbhajan Singh,Wankhede Stadium,HDPK Dharmasena,CB Gaffaney,
498,2015,Bangalore,06-05-2015,South Africa,New Zealand,New Zealand,field,normal,0,South Africa,138,0,CH Gayle,M Chinnaswamy Stadium,RK Illingworth,VA Kulkarni,
499,2015,Mumbai,07-05-2015,England,Pakistan,Pakistan,field,normal,0,England,7,0,EJG Morgan,Brabourne Stadium,JD Cloete,C Shamshuddin,
500,2015,Chennai,08-05-2015,Australia,India,Australia,bat,normal,0,India,0,6,HH Pandya,"MA Chidambaram Stadium, Chepauk",CB Gaffaney,CK Nandan,
501,2015,Kolkata,09-05-2015,New Zealand,West Indies,New Zealand,bat,normal,0,West Indies,0,1,AD Russell,Eden Gardens,AK Chaudhary,HDPK Dharmasena,
502,2015,Raipur,09-05-2015,England,Bangladesh,England,bat,normal,0,England,6,0,MC Henriques,Shaheed Veer Narayan Singh International Stadium,VA Kulkarni,S Ravi,
503,2015,Mumbai,10-05-2015,South Africa,India,South Africa,bat,normal,0,South Africa,39,0,AB de Villiers,Wankhede Stadium,JD Cloete,C Shamshuddin,
504,2015,Chennai,10-05-2015,Australia,Pakistan,Australia,bat,normal,0,Australia,12,0,RA Jadeja,"MA Chidambaram Stadium, Chepauk",M Erasmus,CK Nandan,
505,2015,Hyderabad,11-05-2015,England,New Zealand,England,bat,normal,0,England,5,0,DA Warner,"Rajiv Gandhi International Stadium, Uppal",AK Chaudhary,HDPK Dharmasena,
506,2015,Raipur,12-05-2015,Australia,Bangladesh,Australia,bat,normal,0,Bangladesh,0,6,Z Khan,Shaheed Veer Narayan Singh International Stadium,RK Illingworth,VA Kulkarni,
507,2015,Chandigarh,13-05-2015,New Zealand,South Africa,South Africa,field,normal,0,New Zealand,22,0,AR Patel,"Punjab Cricket Association Stadium, Mohali",JD Cloete,C Shamshuddin,
508,2015,Mumbai,14-05-2015,India,West Indies,West Indies,field,normal,0,India,5,0,HH Pandya,Wankhede Stadium,RK Illingworth,VA Kulkarni,
509,2015,Hyderabad,15-05-2015,England,South Africa,England,bat,normal,1,South Africa,0,6,V Kohli,"Rajiv Gandhi International Stadium, Uppal",AK Chaudhary,HDPK Dharmasena,
510,2015,Chandigarh,16-05-2015,New Zealand,Australia,New Zealand,bat,normal,0,Australia,0,7,P Negi,"Punjab Cricket Association Stadium, Mohali",CK Nandan,C Shamshuddin,
511,2015,Mumbai,16-05-2015,Pakistan,West Indies,Pakistan,bat,normal,0,Pakistan,9,0,SR Watson,Brabourne Stadium,RM Deshpande,RK Illingworth,
512,2015,Bangalore,17-05-2015,Bangladesh,South Africa,South Africa,field,no result,0,,0,0,,M Chinnaswamy Stadium,HDPK Dharmasena,K Srinivasan,
513,2015,Hyderabad,17-05-2015,England,India,England,bat,normal,0,India,0,9,MJ McClenaghan,"Rajiv Gandhi International Stadium, Uppal",CB Gaffaney,K Srinath,
514,2015,Mumbai,19-05-2015,India,Australia,India,bat,normal,0,India,25,0,KA Pollard,Wankhede Stadium,HDPK Dharmasena,RK Illingworth,
515,2015,Pune,20-05-2015,South Africa,Pakistan,South Africa,bat,normal,0,South Africa,71,0,AB de Villiers,Maharashtra Cricket Association Stadium,AK Chaudhary,C Shamshuddin,
516,2015,Ranchi,22-05-2015,South Africa,Australia,Australia,field,normal,0,Australia,0,3,A Nehra,JSCA International Stadium Complex,AK Chaudhary,CB Gaffaney,
517,2015,Kolkata,24-05-2015,India,Australia,Australia,field,normal,0,India,41,0,RG Sharma,Eden Gardens,HDPK Dharmasena,RK Illingworth,
518,2016,Mumbai,09-04-2016,India,Afghanistan,India,bat,normal,0,Afghanistan,0,9,AM Rahane,Wankhede Stadium,HDPK Dharmasena,CK Nandan,
519,2016,Kolkata,10-04-2016,Bangladesh,West Indies,West Indies,field,normal,0,West Indies,0,9,AD Russell,Eden Gardens,S Ravi,C Shamshuddin,
520,2016,Chandigarh,11-04-2016,New Zealand,Netherlands,Netherlands,field,normal,0,Netherlands,0,5,AJ Finch,"Punjab Cricket Association IS Bindra Stadium, Mohali",AK Chaudhary,VA Kulkarni,
521,2016,Bangalore,12-04-2016,South Africa,England,England,field,normal,0,South Africa,45,0,AB de Villiers,M Chinnaswamy Stadium,HDPK Dharmasena,VK Sharma,
522,2016,Kolkata,13-04-2016,West Indies,India,India,field,normal,0,India,0,6,RG Sharma,Eden Gardens,Nitin Menon,S Ravi,
523,2016,Rajkot,14-04-2016,Afghanistan,Netherlands,Afghanistan,bat,normal,0,Netherlands,0,7,AJ Finch,Saurashtra Cricket Association Stadium,VA Kulkarni,CK Nandan,
524,2016,Delhi,15-04-2016,New Zealand,Bangladesh,Bangladesh,field,normal,0,Bangladesh,0,8,A Mishra,Feroz Shah Kotla,S Ravi,C Shamshuddin,
525,2016,Hyderabad,16-04-2016,England,West Indies,England,bat,normal,0,West Indies,0,8,G Gambhir,"Rajiv Gandhi International Stadium, Uppal",AK Chaudhary,CK Nandan,
526,2016,Mumbai,16-04-2016,India,Netherlands,Netherlands,field,normal,0,Netherlands,0,3,AJ Finch,Wankhede Stadium,HDPK Dharmasena,VK Sharma,
527,2016,Chandigarh,17-04-2016,Afghanistan,New Zealand,Afghanistan,bat,normal,0,New Zealand,0,6,M Vohra,"Punjab Cricket Association IS Bindra Stadium, Mohali",S Ravi,C Shamshuddin,
528,2016,Bangalore,17-04-2016,South Africa,Bangladesh,Bangladesh,field,normal,0,Bangladesh,0,7,Q de Kock,M Chinnaswamy Stadium,VA Kulkarni,A Nand Kishore,
529,2016,Hyderabad,18-04-2016,India,England,England,field,normal,0,England,0,7,DA Warner,"Rajiv Gandhi International Stadium, Uppal",HDPK Dharmasena,VK Sharma,
530,2016,Chandigarh,19-04-2016,New Zealand,West Indies,West Indies,field,normal,0,West Indies,0,6,RV Uthappa,"Punjab Cricket Association IS Bindra Stadium, Mohali",S Ravi,C Shamshuddin,
531,2016,Mumbai,20-04-2016,South Africa,India,India,field,normal,0,India,0,6,RG Sharma,Wankhede Stadium,AK Chaudhary,CK Nandan,
532,2016,Rajkot,21-04-2016,Netherlands,England,England,field,normal,0,England,0,10,B Kumar,Saurashtra Cricket Association Stadium,K Bharatan,HDPK Dharmasena,
533,2016,Pune,22-04-2016,South Africa,Afghanistan,Afghanistan,field,normal,0,South Africa,13,0,AB de Villiers,Maharashtra Cricket Association Stadium,CB Gaffaney,VK Sharma,
534,2016,Delhi,23-04-2016,Bangladesh,India,India,field,normal,0,Bangladesh,10,0,SV Samson,Feroz Shah Kotla,S Ravi,C Shamshuddin,
535,2016,Hyderabad,23-04-2016,New Zealand,England,England,field,normal,0,England,0,5,Mustafizur Rahman,"Rajiv Gandhi International Stadium, Uppal",AK Chaudhary,CK Nandan,
536,2016,Rajkot,24-04-2016,South Africa,Netherlands,South Africa,bat,normal,0,Netherlands,0,6,V Kohli,Saurashtra Cricket Association Stadium,K Bharatan,BNJ Oxenford,
537,2016,Pune,24-04-2016,Afghanistan,West Indies,West Indies,field,normal,0,West Indies,0,2,SA Yadav,Maharashtra Cricket Association Stadium,CB Gaffaney,A Nand Kishore,
538,2016,Chandigarh,25-04-2016,India,New Zealand,New Zealand,field,normal,0,India,25,0,PA Patel,"Punjab Cricket Association IS Bindra Stadium, Mohali",Nitin Menon,RJ Tucker,
539,2016,Hyderabad,26-04-2016,England,Afghanistan,Afghanistan,field,normal,1,Afghanistan,34,0,AB Dinda,"Rajiv Gandhi International Stadium, Uppal",AY Dandekar,CK Nandan,
540,2016,Delhi,27-04-2016,Netherlands,Bangladesh,Bangladesh,field,normal,0,Netherlands,1,0,CH Morris,Feroz Shah Kotla,M Erasmus,S Ravi,
541,2016,Mumbai,28-04-2016,West Indies,India,India,field,normal,0,India,0,6,RG Sharma,Wankhede Stadium,Nitin Menon,RJ Tucker,
542,2016,Pune,29-04-2016,Afghanistan,Netherlands,Netherlands,field,normal,0,Netherlands,0,3,DR Smith,Maharashtra Cricket Association Stadium,CB Gaffaney,BNJ Oxenford,
543,2016,Delhi,30-04-2016,Bangladesh,West Indies,West Indies,field,normal,0,Bangladesh,27,0,CR Brathwaite,Feroz Shah Kotla,KN Ananthapadmanabhan,M Erasmus,
544,2016,Hyderabad,30-04-2016,England,South Africa,South Africa,field,normal,0,England,15,0,DA Warner,"Rajiv Gandhi International Stadium, Uppal",AK Chaudhary,HDPK Dharmasena,
545,2016,Rajkot,01-05-2016,New Zealand,Netherlands,Netherlands,field,normal,0,New Zealand,23,0,AR Patel,Saurashtra Cricket Association Stadium,BNJ Oxenford,VK Sharma,
546,2016,Pune,01-05-2016,Afghanistan,India,India,field,normal,0,India,0,8,RG Sharma,Maharashtra Cricket Association Stadium,AY Dandekar,RJ Tucker,
547,2016,Bangalore,02-05-2016,South Africa,West Indies,West Indies,field,normal,0,West Indies,0,5,AD Russell,M Chinnaswamy Stadium,M Erasmus,S Ravi,
548,2016,Rajkot,03-05-2016,Netherlands,Bangladesh,Bangladesh,field,normal,0,Bangladesh,0,8,RR Pant,Saurashtra Cricket Association Stadium,CB Gaffaney,BNJ Oxenford,
549,2016,Kolkata,04-05-2016,West Indies,New Zealand,New Zealand,field,normal,0,West Indies,7,0,AD Russell,Eden Gardens,AK Chaudhary,HDPK Dharmasena,
550,2016,Delhi,05-05-2016,Bangladesh,Afghanistan,Afghanistan,field,normal,0,Afghanistan,0,7,AM Rahane,Feroz Shah Kotla,C Shamshuddin,RJ Tucker,
551,2016,Hyderabad,06-05-2016,Netherlands,England,England,field,normal,0,England,0,5,B Kumar,"Rajiv Gandhi International Stadium, Uppal",M Erasmus,S Ravi,
552,2016,Bangalore,07-05-2016,Afghanistan,South Africa,South Africa,field,normal,0,South Africa,0,7,V Kohli,M Chinnaswamy Stadium,CB Gaffaney,BNJ Oxenford,
553,2016,Chandigarh,07-05-2016,New Zealand,Bangladesh,Bangladesh,field,normal,0,New Zealand,9,0,MP Stoinis,"Punjab Cricket Association IS Bindra Stadium, Mohali",HDPK Dharmasena,CK Nandan,
554,2016,Visakhapatnam,08-05-2016,England,India,India,field,normal,0,England,85,0,A Nehra,Dr. Y.S. Rajasekhara Reddy ACA-VDCA Cricket Stadium,S Ravi,C Shamshuddin,
555,2016,Kolkata,08-05-2016,West Indies,Netherlands,Netherlands,field,normal,0,Netherlands,0,5,P Kumar,Eden Gardens,M Erasmus,RJ Tucker,
556,2016,Chandigarh,09-05-2016,South Africa,New Zealand,New Zealand,field,normal,0,South Africa,1,0,SR Watson,"Punjab Cricket Association IS Bindra Stadium, Mohali",AK Chaudhary,HDPK Dharmasena,
557,2016,Visakhapatnam,10-05-2016,England,Afghanistan,England,bat,normal,0,England,4,0,A Zampa,Dr. Y.S. Rajasekhara Reddy ACA-VDCA Cricket Stadium,CB Gaffaney,VK Sharma,
558,2016,Bangalore,11-05-2016,South Africa,India,India,field,normal,0,India,0,6,KH Pandya,M Chinnaswamy Stadium,AY Dandekar,C Shamshuddin,
559,2016,Hyderabad,12-05-2016,England,Bangladesh,Bangladesh,field,normal,0,Bangladesh,0,7,CH Morris,"Rajiv Gandhi International Stadium, Uppal",K Bharatan,M Erasmus,
560,2016,Visakhapatnam,13-05-2016,India,New Zealand,India,bat,normal,0,New Zealand,0,7,MP Stoinis,Dr. Y.S. Rajasekhara Reddy ACA-VDCA Cricket Stadium,HDPK Dharmasena,CK Nandan,
561,2016,Bangalore,14-05-2016,South Africa,Netherlands,Netherlands,field,normal,0,South Africa,144,0,AB de Villiers,M Chinnaswamy Stadium,AY Dandekar,VK Sharma,
562,2016,Kolkata,14-05-2016,Afghanistan,West Indies,Afghanistan,bat,normal,1,West Indies,0,8,YK Pathan,Eden Gardens,A Nand Kishore,BNJ Oxenford,
563,2016,Chandigarh,15-05-2016,New Zealand,England,New Zealand,bat,normal,0,England,0,7,HM Amla,"Punjab Cricket Association IS Bindra Stadium, Mohali",KN Ananthapadmanabhan,M Erasmus,
564,2016,Visakhapatnam,15-05-2016,India,Bangladesh,Bangladesh,field,normal,0,India,80,0,KH Pandya,Dr. Y.S. Rajasekhara Reddy ACA-VDCA Cricket Stadium,Nitin Menon,CK Nandan,
565,2016,Kolkata,16-05-2016,West Indies,South Africa,South Africa,field,normal,0,South Africa,0,9,V Kohli,Eden Gardens,CB Gaffaney,A Nand Kishore,
566,2016,Visakhapatnam,17-05-2016,Bangladesh,Afghanistan,Afghanistan,field,normal,1,Afghanistan,19,0,AB Dinda,Dr. Y.S. Rajasekhara Reddy ACA-VDCA Cricket Stadium,Nitin Menon,C Shamshuddin,
567,2016,Bangalore,18-05-2016,South Africa,New Zealand,New Zealand,field,normal,1,South Africa,82,0,V Kohli,M Chinnaswamy Stadium,KN Ananthapadmanabhan,M Erasmus,
568,2016,Kanpur,19-05-2016,West Indies,Netherlands,Netherlands,field,normal,0,Netherlands,0,6,DR Smith,Green Park,AK Chaudhary,CK Nandan,
569,2016,Raipur,20-05-2016,England,Bangladesh,Bangladesh,field,normal,0,Bangladesh,0,6,KK Nair,Shaheed Veer Narayan Singh International Stadium,A Nand Kishore,BNJ Oxenford,
570,2016,Visakhapatnam,21-05-2016,New Zealand,Afghanistan,New Zealand,bat,normal,0,Afghanistan,0,4,MS Dhoni,Dr. Y.S. Rajasekhara Reddy ACA-VDCA Cricket Stadium,HDPK Dharmasena,Nitin Menon,
571,2016,Kanpur,21-05-2016,India,Netherlands,Netherlands,field,normal,0,Netherlands,0,6,SK Raina,Green Park,AK Chaudhary,CK Nandan,
572,2016,Kolkata,22-05-2016,West Indies,England,England,field,normal,0,West Indies,22,0,YK Pathan,Eden Gardens,KN Ananthapadmanabhan,M Erasmus,
573,2016,Raipur,22-05-2016,Bangladesh,South Africa,South Africa,field,normal,0,South Africa,0,6,V Kohli,Shaheed Veer Narayan Singh International Stadium,A Nand Kishore,BNJ Oxenford,
574,2016,Bangalore,24-05-2016,Netherlands,South Africa,South Africa,field,normal,0,South Africa,0,4,AB de Villiers,M Chinnaswamy Stadium,AK Chaudhary,HDPK Dharmasena,
575,2016,Delhi,25-05-2016,England,West Indies,West Indies,field,normal,0,England,22,0,MC Henriques,Feroz Shah Kotla,M Erasmus,C Shamshuddin,
576,2016,Delhi,27-05-2016,Netherlands,England,England,field,normal,0,England,0,4,DA Warner,Feroz Shah Kotla,M Erasmus,CK Nandan,
577,2016,Bangalore,29-05-2016,England,South Africa,England,bat,normal,0,England,8,0,BCJ Cutting,M Chinnaswamy Stadium,HDPK Dharmasena,BNJ Oxenford,
